2026-07-23 11:31:17 [INFO] app (logging.py:62): Centralized logging has been initialized. Logs will rotate in D:\CareerPilot AI\backend\logs\app.log
2026-07-23 11:31:17 [INFO] app (security.py:22): Firebase Admin initialized successfully using Application Default Credentials.
2026-07-23 11:31:17 [INFO] uvicorn.error (server.py:91): Started server process [42880]
2026-07-23 11:31:17 [INFO] uvicorn.error (on.py:48): Waiting for application startup.
2026-07-23 11:31:17 [INFO] uvicorn.error (on.py:62): Application startup complete.
2026-07-23 12:04:38 [INFO] uvicorn.access (httptools_impl.py:485): 127.0.0.1:50523 - "GET / HTTP/1.1" 404
2026-07-23 12:04:38 [INFO] uvicorn.access (httptools_impl.py:485): 127.0.0.1:50523 - "GET /favicon.ico HTTP/1.1" 404
2026-07-23 12:04:57 [INFO] uvicorn.access (httptools_impl.py:485): 127.0.0.1:53008 - "GET / HTTP/1.1" 404
2026-07-23 12:10:51 [INFO] app (logging.py:62): Centralized logging has been initialized. Logs will rotate in D:\CareerPilot AI\backend\logs\app.log
2026-07-23 12:10:51 [INFO] app (security.py:22): Firebase Admin initialized successfully using Application Default Credentials.
2026-07-23 12:10:51 [INFO] uvicorn.error (server.py:91): Started server process [11740]
2026-07-23 12:10:51 [INFO] uvicorn.error (on.py:48): Waiting for application startup.
2026-07-23 12:10:51 [INFO] uvicorn.error (on.py:62): Application startup complete.
2026-07-23 12:23:23 [INFO] uvicorn.error (server.py:270): Shutting down
2026-07-23 12:23:24 [INFO] uvicorn.error (on.py:67): Waiting for application shutdown.
2026-07-23 12:23:24 [INFO] uvicorn.error (on.py:76): Application shutdown complete.
2026-07-23 12:23:24 [INFO] uvicorn.error (server.py:101): Finished server process [11740]
2026-07-23 12:24:54 [INFO] app (logging.py:62): Centralized logging has been initialized. Logs will rotate in D:\CareerPilot AI\backend\logs\app.log
2026-07-23 12:24:54 [INFO] app (security.py:22): Firebase Admin initialized successfully using Application Default Credentials.
2026-07-23 12:24:54 [INFO] uvicorn.error (server.py:91): Started server process [39068]
2026-07-23 12:24:54 [INFO] uvicorn.error (on.py:48): Waiting for application startup.
2026-07-23 12:24:54 [INFO] uvicorn.error (on.py:62): Application startup complete.
2026-07-23 15:35:25 [WARNING] app (security.py:33): Token verification failed: A project ID is required to access the auth service.
            1. Use a service account credential, or
            2. set the project ID explicitly via Firebase App options, or
            3. set the project ID via the GOOGLE_CLOUD_PROJECT environment variable.
2026-07-23 15:35:25 [WARNING] app (main.py:38): AppException occurred: Invalid or expired authentication token (Status: 401, Code: UNAUTHORIZED)
2026-07-23 15:35:25 [INFO] uvicorn.access (httptools_impl.py:485): 127.0.0.1:49680 - "GET /api/v1/coding/problems HTTP/1.1" 401
2026-07-23 19:14:18 [INFO] app (logging.py:62): Centralized logging has been initialized. Logs will rotate in D:\CareerPilot AI\backend\logs\app.log
2026-07-23 19:14:18 [INFO] app (security.py:22): Firebase Admin initialized successfully using Application Default Credentials.
2026-07-23 19:14:18 [INFO] uvicorn.error (server.py:91): Started server process [25352]
2026-07-23 19:14:18 [INFO] uvicorn.error (on.py:48): Waiting for application startup.
2026-07-23 19:14:18 [INFO] uvicorn.error (on.py:62): Application startup complete.
2026-07-23 19:21:43 [INFO] uvicorn.error (server.py:270): Shutting down
2026-07-23 19:21:43 [INFO] uvicorn.error (on.py:67): Waiting for application shutdown.
2026-07-23 19:21:43 [INFO] uvicorn.error (on.py:76): Application shutdown complete.
2026-07-23 19:21:43 [INFO] uvicorn.error (server.py:101): Finished server process [25352]
2026-07-23 19:21:45 [INFO] app (logging.py:62): Centralized logging has been initialized. Logs will rotate in D:\CareerPilot AI\backend\logs\app.log
2026-07-23 19:21:45 [INFO] app (security.py:22): Firebase Admin initialized successfully using Application Default Credentials.
2026-07-23 19:21:45 [INFO] uvicorn.error (server.py:91): Started server process [33288]
2026-07-23 19:21:45 [INFO] uvicorn.error (on.py:48): Waiting for application startup.
2026-07-23 19:21:45 [INFO] uvicorn.error (on.py:62): Application startup complete.
2026-07-23 19:27:23 [WARNING] app (security.py:33): Token verification failed: A project ID is required to access the auth service.
            1. Use a service account credential, or
            2. set the project ID explicitly via Firebase App options, or
            3. set the project ID via the GOOGLE_CLOUD_PROJECT environment variable.
2026-07-23 19:27:23 [WARNING] app (main.py:38): AppException occurred: Invalid or expired authentication token (Status: 401, Code: UNAUTHORIZED)
2026-07-23 19:27:23 [INFO] uvicorn.access (httptools_impl.py:485): 127.0.0.1:52507 - "POST /api/v1/resumes/analyze HTTP/1.1" 401
2026-07-23 19:27:32 [WARNING] app (security.py:33): Token verification failed: A project ID is required to access the auth service.
            1. Use a service account credential, or
            2. set the project ID explicitly via Firebase App options, or
            3. set the project ID via the GOOGLE_CLOUD_PROJECT environment variable.
2026-07-23 19:27:32 [WARNING] app (main.py:38): AppException occurred: Invalid or expired authentication token (Status: 401, Code: UNAUTHORIZED)
2026-07-23 19:27:32 [INFO] uvicorn.access (httptools_impl.py:485): 127.0.0.1:61199 - "POST /api/v1/resumes/analyze HTTP/1.1" 401
2026-07-23 19:27:33 [WARNING] app (security.py:33): Token verification failed: A project ID is required to access the auth service.
            1. Use a service account credential, or
            2. set the project ID explicitly via Firebase App options, or
            3. set the project ID via the GOOGLE_CLOUD_PROJECT environment variable.
2026-07-23 19:27:33 [WARNING] app (main.py:38): AppException occurred: Invalid or expired authentication token (Status: 401, Code: UNAUTHORIZED)
2026-07-23 19:27:33 [INFO] uvicorn.access (httptools_impl.py:485): 127.0.0.1:64032 - "POST /api/v1/resumes/analyze HTTP/1.1" 401
2026-07-23 19:27:34 [WARNING] app (security.py:33): Token verification failed: A project ID is required to access the auth service.
            1. Use a service account credential, or
            2. set the project ID explicitly via Firebase App options, or
            3. set the project ID via the GOOGLE_CLOUD_PROJECT environment variable.
2026-07-23 19:27:34 [WARNING] app (main.py:38): AppException occurred: Invalid or expired authentication token (Status: 401, Code: UNAUTHORIZED)
2026-07-23 19:27:34 [INFO] uvicorn.access (httptools_impl.py:485): 127.0.0.1:56114 - "POST /api/v1/resumes/analyze HTTP/1.1" 401
2026-07-23 19:27:35 [WARNING] app (security.py:33): Token verification failed: A project ID is required to access the auth service.
            1. Use a service account credential, or
            2. set the project ID explicitly via Firebase App options, or
            3. set the project ID via the GOOGLE_CLOUD_PROJECT environment variable.
2026-07-23 19:27:35 [WARNING] app (main.py:38): AppException occurred: Invalid or expired authentication token (Status: 401, Code: UNAUTHORIZED)
2026-07-23 19:27:35 [INFO] uvicorn.access (httptools_impl.py:485): 127.0.0.1:56749 - "POST /api/v1/resumes/analyze HTTP/1.1" 401
2026-07-23 19:27:35 [WARNING] app (security.py:33): Token verification failed: A project ID is required to access the auth service.
            1. Use a service account credential, or
            2. set the project ID explicitly via Firebase App options, or
            3. set the project ID via the GOOGLE_CLOUD_PROJECT environment variable.
2026-07-23 19:27:35 [WARNING] app (main.py:38): AppException occurred: Invalid or expired authentication token (Status: 401, Code: UNAUTHORIZED)
2026-07-23 19:27:35 [INFO] uvicorn.access (httptools_impl.py:485): 127.0.0.1:54203 - "POST /api/v1/resumes/analyze HTTP/1.1" 401
2026-07-23 19:27:36 [WARNING] app (security.py:33): Token verification failed: A project ID is required to access the auth service.
            1. Use a service account credential, or
            2. set the project ID explicitly via Firebase App options, or
            3. set the project ID via the GOOGLE_CLOUD_PROJECT environment variable.
2026-07-23 19:27:36 [WARNING] app (main.py:38): AppException occurred: Invalid or expired authentication token (Status: 401, Code: UNAUTHORIZED)
2026-07-23 19:27:36 [INFO] uvicorn.access (httptools_impl.py:485): 127.0.0.1:49402 - "POST /api/v1/resumes/analyze HTTP/1.1" 401
2026-07-23 19:27:36 [WARNING] app (security.py:33): Token verification failed: A project ID is required to access the auth service.
            1. Use a service account credential, or
            2. set the project ID explicitly via Firebase App options, or
            3. set the project ID via the GOOGLE_CLOUD_PROJECT environment variable.
2026-07-23 19:27:36 [WARNING] app (main.py:38): AppException occurred: Invalid or expired authentication token (Status: 401, Code: UNAUTHORIZED)
2026-07-23 19:27:36 [INFO] uvicorn.access (httptools_impl.py:485): 127.0.0.1:63415 - "POST /api/v1/resumes/analyze HTTP/1.1" 401
2026-07-23 19:27:36 [WARNING] app (security.py:33): Token verification failed: A project ID is required to access the auth service.
            1. Use a service account credential, or
            2. set the project ID explicitly via Firebase App options, or
            3. set the project ID via the GOOGLE_CLOUD_PROJECT environment variable.
2026-07-23 19:27:36 [WARNING] app (main.py:38): AppException occurred: Invalid or expired authentication token (Status: 401, Code: UNAUTHORIZED)
2026-07-23 19:27:36 [INFO] uvicorn.access (httptools_impl.py:485): 127.0.0.1:64544 - "POST /api/v1/resumes/analyze HTTP/1.1" 401
2026-07-23 19:27:37 [WARNING] app (security.py:33): Token verification failed: A project ID is required to access the auth service.
            1. Use a service account credential, or
            2. set the project ID explicitly via Firebase App options, or
            3. set the project ID via the GOOGLE_CLOUD_PROJECT environment variable.
2026-07-23 19:27:37 [WARNING] app (main.py:38): AppException occurred: Invalid or expired authentication token (Status: 401, Code: UNAUTHORIZED)
2026-07-23 19:27:37 [INFO] uvicorn.access (httptools_impl.py:485): 127.0.0.1:56528 - "POST /api/v1/resumes/analyze HTTP/1.1" 401
2026-07-23 19:27:37 [WARNING] app (security.py:33): Token verification failed: A project ID is required to access the auth service.
            1. Use a service account credential, or
            2. set the project ID explicitly via Firebase App options, or
            3. set the project ID via the GOOGLE_CLOUD_PROJECT environment variable.
2026-07-23 19:27:37 [WARNING] app (main.py:38): AppException occurred: Invalid or expired authentication token (Status: 401, Code: UNAUTHORIZED)
2026-07-23 19:27:37 [INFO] uvicorn.access (httptools_impl.py:485): 127.0.0.1:56950 - "POST /api/v1/resumes/analyze HTTP/1.1" 401
2026-07-23 19:27:37 [WARNING] app (security.py:33): Token verification failed: A project ID is required to access the auth service.
            1. Use a service account credential, or
            2. set the project ID explicitly via Firebase App options, or
            3. set the project ID via the GOOGLE_CLOUD_PROJECT environment variable.
2026-07-23 19:27:37 [WARNING] app (main.py:38): AppException occurred: Invalid or expired authentication token (Status: 401, Code: UNAUTHORIZED)
2026-07-23 19:27:37 [INFO] uvicorn.access (httptools_impl.py:485): 127.0.0.1:55442 - "POST /api/v1/resumes/analyze HTTP/1.1" 401
2026-07-23 19:27:41 [WARNING] app (security.py:33): Token verification failed: A project ID is required to access the auth service.
            1. Use a service account credential, or
            2. set the project ID explicitly via Firebase App options, or
            3. set the project ID via the GOOGLE_CLOUD_PROJECT environment variable.
2026-07-23 19:27:41 [WARNING] app (main.py:38): AppException occurred: Invalid or expired authentication token (Status: 401, Code: UNAUTHORIZED)
2026-07-23 19:27:41 [INFO] uvicorn.access (httptools_impl.py:485): 127.0.0.1:63409 - "POST /api/v1/interviews/start HTTP/1.1" 401
2026-07-23 19:27:48 [WARNING] app (security.py:33): Token verification failed: A project ID is required to access the auth service.
            1. Use a service account credential, or
            2. set the project ID explicitly via Firebase App options, or
            3. set the project ID via the GOOGLE_CLOUD_PROJECT environment variable.
2026-07-23 19:27:48 [WARNING] app (main.py:38): AppException occurred: Invalid or expired authentication token (Status: 401, Code: UNAUTHORIZED)
2026-07-23 19:27:48 [INFO] uvicorn.access (httptools_impl.py:485): 127.0.0.1:49838 - "GET /api/v1/coding/problems HTTP/1.1" 401
2026-07-23 19:32:57 [INFO] app (logging.py:62): Centralized logging has been initialized. Logs will rotate in D:\CareerPilot AI\backend\logs\app.log
2026-07-23 19:32:57 [INFO] app (security.py:22): Firebase Admin initialized successfully using Application Default Credentials.
2026-07-23 19:32:57 [INFO] uvicorn.error (server.py:91): Started server process [20600]
2026-07-23 19:32:57 [INFO] uvicorn.error (on.py:48): Waiting for application startup.
2026-07-23 19:32:57 [INFO] uvicorn.error (on.py:62): Application startup complete.
2026-07-23 19:40:40 [INFO] uvicorn.error (server.py:270): Shutting down
2026-07-23 19:40:40 [INFO] uvicorn.error (on.py:67): Waiting for application shutdown.
2026-07-23 19:40:40 [INFO] uvicorn.error (on.py:76): Application shutdown complete.
2026-07-23 19:40:40 [INFO] uvicorn.error (server.py:101): Finished server process [33288]
2026-07-23 20:44:31 [INFO] app (logging.py:62): Centralized logging has been initialized. Logs will rotate in D:\CareerPilot AI\backend\logs\app.log
2026-07-23 20:44:31 [INFO] app (security.py:22): Firebase Admin initialized successfully using Application Default Credentials.
2026-07-23 20:44:31 [INFO] uvicorn.error (server.py:91): Started server process [4600]
2026-07-23 20:44:31 [INFO] uvicorn.error (on.py:48): Waiting for application startup.
2026-07-23 20:44:31 [INFO] uvicorn.error (on.py:62): Application startup complete.
2026-07-23 22:19:06 [INFO] app (logging.py:62): Centralized logging has been initialized. Logs will rotate in D:\CareerPilot AI\backend\logs\app.log
2026-07-23 22:19:06 [INFO] app (security.py:22): Firebase Admin initialized successfully using Application Default Credentials.
2026-07-23 22:19:06 [INFO] uvicorn.error (server.py:91): Started server process [21684]
2026-07-23 22:19:06 [INFO] uvicorn.error (on.py:48): Waiting for application startup.
2026-07-23 22:19:06 [INFO] uvicorn.error (on.py:62): Application startup complete.
2026-07-24 00:02:29 [WARNING] app (security.py:33): Token verification failed: A project ID is required to access the auth service.
            1. Use a service account credential, or
            2. set the project ID explicitly via Firebase App options, or
            3. set the project ID via the GOOGLE_CLOUD_PROJECT environment variable.
2026-07-24 00:02:29 [WARNING] app (main.py:38): AppException occurred: Invalid or expired authentication token (Status: 401, Code: UNAUTHORIZED)
2026-07-24 00:02:29 [INFO] uvicorn.access (httptools_impl.py:485): 127.0.0.1:51262 - "GET /api/v1/stats/overview HTTP/1.1" 401
2026-07-24 00:02:29 [WARNING] app (security.py:33): Token verification failed: A project ID is required to access the auth service.
            1. Use a service account credential, or
            2. set the project ID explicitly via Firebase App options, or
            3. set the project ID via the GOOGLE_CLOUD_PROJECT environment variable.
2026-07-24 00:02:29 [WARNING] app (main.py:38): AppException occurred: Invalid or expired authentication token (Status: 401, Code: UNAUTHORIZED)
2026-07-24 00:02:29 [INFO] uvicorn.access (httptools_impl.py:485): 127.0.0.1:52184 - "GET /api/v1/stats/overview HTTP/1.1" 401
2026-07-24 00:08:21 [WARNING] app (security.py:33): Token verification failed: A project ID is required to access the auth service.
            1. Use a service account credential, or
            2. set the project ID explicitly via Firebase App options, or
            3. set the project ID via the GOOGLE_CLOUD_PROJECT environment variable.
2026-07-24 00:08:21 [WARNING] app (main.py:38): AppException occurred: Invalid or expired authentication token (Status: 401, Code: UNAUTHORIZED)
2026-07-24 00:08:21 [INFO] uvicorn.access (httptools_impl.py:485): 127.0.0.1:52475 - "GET /api/v1/stats/overview HTTP/1.1" 401
2026-07-24 00:08:21 [WARNING] app (security.py:33): Token verification failed: A project ID is required to access the auth service.
            1. Use a service account credential, or
            2. set the project ID explicitly via Firebase App options, or
            3. set the project ID via the GOOGLE_CLOUD_PROJECT environment variable.
2026-07-24 00:08:21 [WARNING] app (main.py:38): AppException occurred: Invalid or expired authentication token (Status: 401, Code: UNAUTHORIZED)
2026-07-24 00:08:21 [INFO] uvicorn.access (httptools_impl.py:485): 127.0.0.1:52477 - "GET /api/v1/stats/overview HTTP/1.1" 401
2026-07-24 00:12:56 [WARNING] app (security.py:33): Token verification failed: A project ID is required to access the auth service.
            1. Use a service account credential, or
            2. set the project ID explicitly via Firebase App options, or
            3. set the project ID via the GOOGLE_CLOUD_PROJECT environment variable.
2026-07-24 00:12:56 [WARNING] app (main.py:38): AppException occurred: Invalid or expired authentication token (Status: 401, Code: UNAUTHORIZED)
2026-07-24 00:12:56 [INFO] uvicorn.access (httptools_impl.py:485): 127.0.0.1:63408 - "GET /api/v1/stats/overview HTTP/1.1" 401
2026-07-24 00:12:56 [WARNING] app (security.py:33): Token verification failed: A project ID is required to access the auth service.
            1. Use a service account credential, or
            2. set the project ID explicitly via Firebase App options, or
            3. set the project ID via the GOOGLE_CLOUD_PROJECT environment variable.
2026-07-24 00:12:56 [WARNING] app (main.py:38): AppException occurred: Invalid or expired authentication token (Status: 401, Code: UNAUTHORIZED)
2026-07-24 00:12:56 [INFO] uvicorn.access (httptools_impl.py:485): 127.0.0.1:63411 - "GET /api/v1/stats/overview HTTP/1.1" 401
2026-07-24 00:31:04 [INFO] app (logging.py:62): Centralized logging has been initialized. Logs will rotate in D:\CareerPilot AI\backend\logs\app.log
2026-07-24 00:31:04 [INFO] app (security.py:22): Firebase Admin initialized successfully using Application Default Credentials.
2026-07-24 00:31:04 [INFO] uvicorn.error (server.py:91): Started server process [27756]
2026-07-24 00:31:04 [INFO] uvicorn.error (on.py:48): Waiting for application startup.
2026-07-24 00:31:04 [INFO] uvicorn.error (on.py:62): Application startup complete.
2026-07-24 00:44:25 [INFO] app (logging.py:62): Centralized logging has been initialized. Logs will rotate in D:\CareerPilot AI\backend\logs\app.log
2026-07-24 00:44:25 [INFO] app (security.py:22): Firebase Admin initialized successfully using Application Default Credentials.
2026-07-24 00:44:25 [INFO] uvicorn.error (server.py:91): Started server process [7452]
2026-07-24 00:44:25 [INFO] uvicorn.error (on.py:48): Waiting for application startup.
2026-07-24 00:44:25 [INFO] uvicorn.error (on.py:62): Application startup complete.
2026-07-24 10:23:24 [INFO] app (logging.py:62): Centralized logging has been initialized. Logs will rotate in D:\CareerPilot AI\backend\logs\app.log
2026-07-24 10:23:24 [INFO] app (security.py:22): Firebase Admin initialized successfully using Application Default Credentials.
2026-07-24 10:23:24 [INFO] uvicorn.error (server.py:91): Started server process [24268]
2026-07-24 10:23:24 [INFO] uvicorn.error (on.py:48): Waiting for application startup.
2026-07-24 10:23:24 [INFO] uvicorn.error (on.py:62): Application startup complete.
2026-07-24 10:27:29 [WARNING] app (security.py:33): Token verification failed: A project ID is required to access the auth service.
            1. Use a service account credential, or
            2. set the project ID explicitly via Firebase App options, or
            3. set the project ID via the GOOGLE_CLOUD_PROJECT environment variable.
2026-07-24 10:27:29 [WARNING] app (security.py:33): Token verification failed: A project ID is required to access the auth service.
            1. Use a service account credential, or
            2. set the project ID explicitly via Firebase App options, or
            3. set the project ID via the GOOGLE_CLOUD_PROJECT environment variable.
2026-07-24 10:27:29 [WARNING] app (main.py:38): AppException occurred: Invalid or expired authentication token (Status: 401, Code: UNAUTHORIZED)
2026-07-24 10:27:29 [INFO] uvicorn.access (httptools_impl.py:485): 127.0.0.1:63421 - "GET /api/v1/stats/overview HTTP/1.1" 401
2026-07-24 10:27:29 [WARNING] app (main.py:38): AppException occurred: Invalid or expired authentication token (Status: 401, Code: UNAUTHORIZED)
2026-07-24 10:27:29 [INFO] uvicorn.access (httptools_impl.py:485): 127.0.0.1:60018 - "POST /api/v1/resumes/analyze HTTP/1.1" 401
2026-07-24 10:27:57 [WARNING] app (security.py:33): Token verification failed: A project ID is required to access the auth service.
            1. Use a service account credential, or
            2. set the project ID explicitly via Firebase App options, or
            3. set the project ID via the GOOGLE_CLOUD_PROJECT environment variable.
2026-07-24 10:27:57 [WARNING] app (main.py:38): AppException occurred: Invalid or expired authentication token (Status: 401, Code: UNAUTHORIZED)
2026-07-24 10:27:57 [INFO] uvicorn.access (httptools_impl.py:485): 127.0.0.1:57751 - "POST /api/v1/resumes/analyze HTTP/1.1" 401
2026-07-24 10:27:58 [WARNING] app (security.py:33): Token verification failed: A project ID is required to access the auth service.
            1. Use a service account credential, or
            2. set the project ID explicitly via Firebase App options, or
            3. set the project ID via the GOOGLE_CLOUD_PROJECT environment variable.
2026-07-24 10:27:58 [WARNING] app (main.py:38): AppException occurred: Invalid or expired authentication token (Status: 401, Code: UNAUTHORIZED)
2026-07-24 10:27:58 [INFO] uvicorn.access (httptools_impl.py:485): 127.0.0.1:56125 - "POST /api/v1/resumes/analyze HTTP/1.1" 401
2026-07-24 10:27:59 [WARNING] app (security.py:33): Token verification failed: A project ID is required to access the auth service.
            1. Use a service account credential, or
            2. set the project ID explicitly via Firebase App options, or
            3. set the project ID via the GOOGLE_CLOUD_PROJECT environment variable.
2026-07-24 10:27:59 [WARNING] app (main.py:38): AppException occurred: Invalid or expired authentication token (Status: 401, Code: UNAUTHORIZED)
2026-07-24 10:27:59 [INFO] uvicorn.access (httptools_impl.py:485): 127.0.0.1:53886 - "POST /api/v1/resumes/analyze HTTP/1.1" 401
2026-07-24 10:28:00 [WARNING] app (security.py:33): Token verification failed: A project ID is required to access the auth service.
            1. Use a service account credential, or
            2. set the project ID explicitly via Firebase App options, or
            3. set the project ID via the GOOGLE_CLOUD_PROJECT environment variable.
2026-07-24 10:28:00 [WARNING] app (main.py:38): AppException occurred: Invalid or expired authentication token (Status: 401, Code: UNAUTHORIZED)
2026-07-24 10:28:00 [INFO] uvicorn.access (httptools_impl.py:485): 127.0.0.1:57520 - "POST /api/v1/resumes/analyze HTTP/1.1" 401
2026-07-24 10:29:09 [WARNING] app (security.py:33): Token verification failed: A project ID is required to access the auth service.
            1. Use a service account credential, or
            2. set the project ID explicitly via Firebase App options, or
            3. set the project ID via the GOOGLE_CLOUD_PROJECT environment variable.
2026-07-24 10:29:09 [WARNING] app (main.py:38): AppException occurred: Invalid or expired authentication token (Status: 401, Code: UNAUTHORIZED)
2026-07-24 10:29:09 [INFO] uvicorn.access (httptools_impl.py:485): 127.0.0.1:63412 - "POST /api/v1/resumes/analyze HTTP/1.1" 401
2026-07-24 10:32:20 [INFO] uvicorn.error (server.py:270): Shutting down
2026-07-24 10:32:20 [INFO] uvicorn.error (on.py:67): Waiting for application shutdown.
2026-07-24 10:32:20 [INFO] uvicorn.error (on.py:76): Application shutdown complete.
2026-07-24 10:32:20 [INFO] uvicorn.error (server.py:101): Finished server process [24268]
2026-07-24 10:36:04 [INFO] app (logging.py:62): Centralized logging has been initialized. Logs will rotate in D:\CareerPilot AI\backend\logs\app.log
2026-07-24 10:36:04 [INFO] app (security.py:25): Firebase Admin initialized successfully using project ID option: careerpilot-ai-ce198
2026-07-24 10:36:04 [INFO] uvicorn.error (server.py:91): Started server process [14236]
2026-07-24 10:36:04 [INFO] uvicorn.error (on.py:48): Waiting for application startup.
2026-07-24 10:36:04 [INFO] uvicorn.error (on.py:62): Application startup complete.
2026-07-24 10:36:41 [INFO] app (logging.py:62): Centralized logging has been initialized. Logs will rotate in D:\CareerPilot AI\backend\logs\app.log
2026-07-24 10:36:41 [INFO] app (security.py:25): Firebase Admin initialized successfully using project ID option: careerpilot-ai-ce198
2026-07-24 10:36:41 [INFO] uvicorn.error (server.py:91): Started server process [1540]
2026-07-24 10:36:41 [INFO] uvicorn.error (on.py:48): Waiting for application startup.
2026-07-24 10:36:41 [INFO] uvicorn.error (on.py:62): Application startup complete.
2026-07-24 10:41:49 [WARNING] app (security.py:36): Token verification failed: Your default credentials were not found. To set up Application Default Credentials, see https://cloud.google.com/docs/authentication/external/set-up-adc for more information.
2026-07-24 10:41:49 [WARNING] app (main.py:38): AppException occurred: Invalid or expired authentication token (Status: 401, Code: UNAUTHORIZED)
2026-07-24 10:41:49 [INFO] uvicorn.access (httptools_impl.py:485): 127.0.0.1:63851 - "GET /api/v1/stats/overview HTTP/1.1" 401
2026-07-24 10:42:01 [WARNING] app (security.py:36): Token verification failed: Your default credentials were not found. To set up Application Default Credentials, see https://cloud.google.com/docs/authentication/external/set-up-adc for more information.
2026-07-24 10:42:01 [WARNING] app (main.py:38): AppException occurred: Invalid or expired authentication token (Status: 401, Code: UNAUTHORIZED)
2026-07-24 10:42:01 [INFO] uvicorn.access (httptools_impl.py:485): 127.0.0.1:51624 - "GET /api/v1/stats/overview HTTP/1.1" 401
2026-07-24 10:46:49 [WARNING] app (security.py:36): Token verification failed: Your default credentials were not found. To set up Application Default Credentials, see https://cloud.google.com/docs/authentication/external/set-up-adc for more information.
2026-07-24 10:46:49 [WARNING] app (main.py:38): AppException occurred: Invalid or expired authentication token (Status: 401, Code: UNAUTHORIZED)
2026-07-24 10:46:49 [INFO] uvicorn.access (httptools_impl.py:485): 127.0.0.1:63580 - "GET /api/v1/stats/overview HTTP/1.1" 401
2026-07-24 10:47:01 [WARNING] app (security.py:36): Token verification failed: Your default credentials were not found. To set up Application Default Credentials, see https://cloud.google.com/docs/authentication/external/set-up-adc for more information.
2026-07-24 10:47:01 [WARNING] app (main.py:38): AppException occurred: Invalid or expired authentication token (Status: 401, Code: UNAUTHORIZED)
2026-07-24 10:47:01 [INFO] uvicorn.access (httptools_impl.py:485): 127.0.0.1:51388 - "GET /api/v1/stats/overview HTTP/1.1" 401
2026-07-24 10:47:13 [WARNING] app (security.py:36): Token verification failed: Your default credentials were not found. To set up Application Default Credentials, see https://cloud.google.com/docs/authentication/external/set-up-adc for more information.
2026-07-24 10:47:13 [WARNING] app (main.py:38): AppException occurred: Invalid or expired authentication token (Status: 401, Code: UNAUTHORIZED)
2026-07-24 10:47:13 [INFO] uvicorn.access (httptools_impl.py:485): 127.0.0.1:59518 - "GET /api/v1/stats/overview HTTP/1.1" 401
2026-07-24 10:47:59 [INFO] app (logging.py:62): Centralized logging has been initialized. Logs will rotate in D:\CareerPilot AI\backend\logs\app.log
2026-07-24 10:47:59 [INFO] app (security.py:25): Firebase Admin initialized successfully using project ID option: careerpilot-ai-ce198
2026-07-24 10:47:59 [INFO] uvicorn.error (server.py:91): Started server process [18356]
2026-07-24 10:47:59 [INFO] uvicorn.error (on.py:48): Waiting for application startup.
2026-07-24 10:47:59 [INFO] uvicorn.error (on.py:62): Application startup complete.
2026-07-24 10:51:26 [WARNING] app (security.py:36): Token verification failed: Your default credentials were not found. To set up Application Default Credentials, see https://cloud.google.com/docs/authentication/external/set-up-adc for more information.
2026-07-24 10:51:26 [WARNING] app (main.py:38): AppException occurred: Invalid or expired authentication token (Status: 401, Code: UNAUTHORIZED)
2026-07-24 10:51:26 [INFO] uvicorn.access (httptools_impl.py:485): 127.0.0.1:59081 - "GET /api/v1/stats/overview HTTP/1.1" 401
2026-07-24 10:51:38 [WARNING] app (security.py:36): Token verification failed: Your default credentials were not found. To set up Application Default Credentials, see https://cloud.google.com/docs/authentication/external/set-up-adc for more information.
2026-07-24 10:51:38 [WARNING] app (main.py:38): AppException occurred: Invalid or expired authentication token (Status: 401, Code: UNAUTHORIZED)
2026-07-24 10:51:38 [INFO] uvicorn.access (httptools_impl.py:485): 127.0.0.1:64477 - "GET /api/v1/stats/overview HTTP/1.1" 401
2026-07-24 10:52:18 [WARNING] app (security.py:36): Token verification failed: Your default credentials were not found. To set up Application Default Credentials, see https://cloud.google.com/docs/authentication/external/set-up-adc for more information.
2026-07-24 10:52:18 [WARNING] app (main.py:38): AppException occurred: Invalid or expired authentication token (Status: 401, Code: UNAUTHORIZED)
2026-07-24 10:52:18 [INFO] uvicorn.access (httptools_impl.py:485): 127.0.0.1:63426 - "POST /api/v1/resumes/analyze HTTP/1.1" 401
2026-07-24 10:52:36 [WARNING] app (security.py:36): Token verification failed: Your default credentials were not found. To set up Application Default Credentials, see https://cloud.google.com/docs/authentication/external/set-up-adc for more information.
2026-07-24 10:52:36 [WARNING] app (main.py:38): AppException occurred: Invalid or expired authentication token (Status: 401, Code: UNAUTHORIZED)
2026-07-24 10:52:36 [INFO] uvicorn.access (httptools_impl.py:485): 127.0.0.1:63426 - "POST /api/v1/resumes/analyze HTTP/1.1" 401
2026-07-24 10:54:39 [WARNING] app (security.py:36): Token verification failed: Your default credentials were not found. To set up Application Default Credentials, see https://cloud.google.com/docs/authentication/external/set-up-adc for more information.
2026-07-24 10:54:39 [WARNING] app (main.py:38): AppException occurred: Invalid or expired authentication token (Status: 401, Code: UNAUTHORIZED)
2026-07-24 10:54:39 [INFO] uvicorn.access (httptools_impl.py:485): 127.0.0.1:63414 - "POST /api/v1/resumes/analyze HTTP/1.1" 401
2026-07-24 10:54:54 [WARNING] app (security.py:36): Token verification failed: Your default credentials were not found. To set up Application Default Credentials, see https://cloud.google.com/docs/authentication/external/set-up-adc for more information.
2026-07-24 10:54:54 [WARNING] app (main.py:38): AppException occurred: Invalid or expired authentication token (Status: 401, Code: UNAUTHORIZED)
2026-07-24 10:54:54 [INFO] uvicorn.access (httptools_impl.py:485): 127.0.0.1:58567 - "POST /api/v1/resumes/analyze HTTP/1.1" 401
2026-07-24 10:56:37 [INFO] uvicorn.error (server.py:270): Shutting down
2026-07-24 10:56:37 [INFO] uvicorn.error (on.py:67): Waiting for application shutdown.
2026-07-24 10:56:37 [INFO] uvicorn.error (on.py:76): Application shutdown complete.
2026-07-24 10:56:37 [INFO] uvicorn.error (server.py:101): Finished server process [14236]
2026-07-24 10:56:40 [INFO] app (logging.py:62): Centralized logging has been initialized. Logs will rotate in D:\CareerPilot AI\backend\logs\app.log
2026-07-24 10:56:40 [INFO] app (security.py:25): Firebase Admin initialized successfully using project ID option: careerpilot-ai-ce198
2026-07-24 10:56:40 [INFO] uvicorn.error (server.py:91): Started server process [14956]
2026-07-24 10:56:40 [INFO] uvicorn.error (on.py:48): Waiting for application startup.
2026-07-24 10:56:40 [INFO] uvicorn.error (on.py:62): Application startup complete.
2026-07-24 10:56:54 [INFO] uvicorn.error (server.py:270): Shutting down
2026-07-24 10:56:54 [INFO] uvicorn.error (on.py:67): Waiting for application shutdown.
2026-07-24 10:56:54 [INFO] uvicorn.error (on.py:76): Application shutdown complete.
2026-07-24 10:56:54 [INFO] uvicorn.error (on.py:76): Application shutdown complete.
2026-07-24 10:56:54 [INFO] uvicorn.error (server.py:101): Finished server process [1540]
2026-07-24 10:56:54 [INFO] uvicorn.error (server.py:101): Finished server process [18356]
2026-07-24 10:59:05 [INFO] app (logging.py:62): Centralized logging has been initialized. Logs will rotate in D:\CareerPilot AI\backend\logs\app.log
2026-07-24 10:59:05 [INFO] app (security.py:25): Firebase Admin initialized successfully using project ID option: careerpilot-ai-ce198
2026-07-24 10:59:05 [INFO] uvicorn.error (server.py:91): Started server process [31796]
2026-07-24 10:59:05 [INFO] uvicorn.error (on.py:48): Waiting for application startup.
2026-07-24 10:59:05 [INFO] uvicorn.error (on.py:62): Application startup complete.
2026-07-24 11:02:48 [ERROR] app (security.py:37): === FIREBASE ID TOKEN VERIFICATION FAILED ===
2026-07-24 11:02:48 [ERROR] app (security.py:38): Error: Your default credentials were not found. To set up Application Default Credentials, see https://cloud.google.com/docs/authentication/external/set-up-adc for more information.
2026-07-24 11:02:48 [ERROR] app (security.py:39): Stack trace:
Traceback (most recent call last):
  File "D:\CareerPilot AI\backend\app\core\security.py", line 33, in verify_firebase_token
    decoded_token = auth.verify_id_token(token)
  File "D:\CareerPilot AI\backend\venv\lib\site-packages\firebase_admin\auth.py", line 226, in verify_id_token
    client = _get_client(app)
  File "D:\CareerPilot AI\backend\venv\lib\site-packages\firebase_admin\auth.py", line 177, in _get_client
    return _utils.get_app_service(app, _AUTH_ATTRIBUTE, Client)
  File "D:\CareerPilot AI\backend\venv\lib\site-packages\firebase_admin\_utils.py", line 104, in get_app_service
    return app._get_service(name, initializer) # pylint: disable=protected-access
  File "D:\CareerPilot AI\backend\venv\lib\site-packages\firebase_admin\__init__.py", line 303, in _get_service
    self._services[name] = initializer(self)
  File "D:\CareerPilot AI\backend\venv\lib\site-packages\firebase_admin\_auth_client.py", line 58, in __init__
    credential = app.credential.get_credential()
  File "D:\CareerPilot AI\backend\venv\lib\site-packages\firebase_admin\credentials.py", line 157, in get_credential
    self._load_credential()
  File "D:\CareerPilot AI\backend\venv\lib\site-packages\firebase_admin\credentials.py", line 174, in _load_credential
    self._g_credential, self._project_id = google.auth.default(scopes=_scopes)
  File "D:\CareerPilot AI\backend\venv\lib\site-packages\google\auth\_default.py", line 748, in default
    raise exceptions.DefaultCredentialsError(_CLOUD_SDK_MISSING_CREDENTIALS)
google.auth.exceptions.DefaultCredentialsError: Your default credentials were not found. To set up Application Default Credentials, see https://cloud.google.com/docs/authentication/external/set-up-adc for more information.

2026-07-24 11:02:48 [WARNING] app (main.py:38): AppException occurred: Invalid or expired authentication token (Status: 401, Code: UNAUTHORIZED)
2026-07-24 11:02:48 [INFO] uvicorn.access (httptools_impl.py:485): 127.0.0.1:49943 - "GET /api/v1/stats/overview HTTP/1.1" 401
2026-07-24 11:03:01 [ERROR] app (security.py:37): === FIREBASE ID TOKEN VERIFICATION FAILED ===
2026-07-24 11:03:01 [ERROR] app (security.py:38): Error: Your default credentials were not found. To set up Application Default Credentials, see https://cloud.google.com/docs/authentication/external/set-up-adc for more information.
2026-07-24 11:03:01 [ERROR] app (security.py:39): Stack trace:
Traceback (most recent call last):
  File "D:\CareerPilot AI\backend\app\core\security.py", line 33, in verify_firebase_token
    decoded_token = auth.verify_id_token(token)
  File "D:\CareerPilot AI\backend\venv\lib\site-packages\firebase_admin\auth.py", line 226, in verify_id_token
    client = _get_client(app)
  File "D:\CareerPilot AI\backend\venv\lib\site-packages\firebase_admin\auth.py", line 177, in _get_client
    return _utils.get_app_service(app, _AUTH_ATTRIBUTE, Client)
  File "D:\CareerPilot AI\backend\venv\lib\site-packages\firebase_admin\_utils.py", line 104, in get_app_service
    return app._get_service(name, initializer) # pylint: disable=protected-access
  File "D:\CareerPilot AI\backend\venv\lib\site-packages\firebase_admin\__init__.py", line 303, in _get_service
    self._services[name] = initializer(self)
  File "D:\CareerPilot AI\backend\venv\lib\site-packages\firebase_admin\_auth_client.py", line 58, in __init__
    credential = app.credential.get_credential()
  File "D:\CareerPilot AI\backend\venv\lib\site-packages\firebase_admin\credentials.py", line 157, in get_credential
    self._load_credential()
  File "D:\CareerPilot AI\backend\venv\lib\site-packages\firebase_admin\credentials.py", line 174, in _load_credential
    self._g_credential, self._project_id = google.auth.default(scopes=_scopes)
  File "D:\CareerPilot AI\backend\venv\lib\site-packages\google\auth\_default.py", line 748, in default
    raise exceptions.DefaultCredentialsError(_CLOUD_SDK_MISSING_CREDENTIALS)
google.auth.exceptions.DefaultCredentialsError: Your default credentials were not found. To set up Application Default Credentials, see https://cloud.google.com/docs/authentication/external/set-up-adc for more information.

2026-07-24 11:03:01 [WARNING] app (main.py:38): AppException occurred: Invalid or expired authentication token (Status: 401, Code: UNAUTHORIZED)
2026-07-24 11:03:01 [INFO] uvicorn.access (httptools_impl.py:485): 127.0.0.1:49238 - "GET /api/v1/stats/overview HTTP/1.1" 401
2026-07-24 11:04:59 [ERROR] app (security.py:37): === FIREBASE ID TOKEN VERIFICATION FAILED ===
2026-07-24 11:04:59 [ERROR] app (security.py:38): Error: Your default credentials were not found. To set up Application Default Credentials, see https://cloud.google.com/docs/authentication/external/set-up-adc for more information.
2026-07-24 11:04:59 [ERROR] app (security.py:39): Stack trace:
Traceback (most recent call last):
  File "D:\CareerPilot AI\backend\app\core\security.py", line 33, in verify_firebase_token
    decoded_token = auth.verify_id_token(token)
  File "D:\CareerPilot AI\backend\venv\lib\site-packages\firebase_admin\auth.py", line 226, in verify_id_token
    client = _get_client(app)
  File "D:\CareerPilot AI\backend\venv\lib\site-packages\firebase_admin\auth.py", line 177, in _get_client
    return _utils.get_app_service(app, _AUTH_ATTRIBUTE, Client)
  File "D:\CareerPilot AI\backend\venv\lib\site-packages\firebase_admin\_utils.py", line 104, in get_app_service
    return app._get_service(name, initializer) # pylint: disable=protected-access
  File "D:\CareerPilot AI\backend\venv\lib\site-packages\firebase_admin\__init__.py", line 303, in _get_service
    self._services[name] = initializer(self)
  File "D:\CareerPilot AI\backend\venv\lib\site-packages\firebase_admin\_auth_client.py", line 58, in __init__
    credential = app.credential.get_credential()
  File "D:\CareerPilot AI\backend\venv\lib\site-packages\firebase_admin\credentials.py", line 157, in get_credential
    self._load_credential()
  File "D:\CareerPilot AI\backend\venv\lib\site-packages\firebase_admin\credentials.py", line 174, in _load_credential
    self._g_credential, self._project_id = google.auth.default(scopes=_scopes)
  File "D:\CareerPilot AI\backend\venv\lib\site-packages\google\auth\_default.py", line 748, in default
    raise exceptions.DefaultCredentialsError(_CLOUD_SDK_MISSING_CREDENTIALS)
google.auth.exceptions.DefaultCredentialsError: Your default credentials were not found. To set up Application Default Credentials, see https://cloud.google.com/docs/authentication/external/set-up-adc for more information.

2026-07-24 11:04:59 [WARNING] app (main.py:38): AppException occurred: Invalid or expired authentication token (Status: 401, Code: UNAUTHORIZED)
2026-07-24 11:04:59 [INFO] uvicorn.access (httptools_impl.py:485): 127.0.0.1:55740 - "POST /api/v1/resumes/analyze HTTP/1.1" 401
2026-07-24 11:05:56 [ERROR] app (security.py:37): === FIREBASE ID TOKEN VERIFICATION FAILED ===
2026-07-24 11:05:56 [ERROR] app (security.py:38): Error: Your default credentials were not found. To set up Application Default Credentials, see https://cloud.google.com/docs/authentication/external/set-up-adc for more information.
2026-07-24 11:05:56 [ERROR] app (security.py:39): Stack trace:
Traceback (most recent call last):
  File "D:\CareerPilot AI\backend\app\core\security.py", line 33, in verify_firebase_token
    decoded_token = auth.verify_id_token(token)
  File "D:\CareerPilot AI\backend\venv\lib\site-packages\firebase_admin\auth.py", line 226, in verify_id_token
    client = _get_client(app)
  File "D:\CareerPilot AI\backend\venv\lib\site-packages\firebase_admin\auth.py", line 177, in _get_client
    return _utils.get_app_service(app, _AUTH_ATTRIBUTE, Client)
  File "D:\CareerPilot AI\backend\venv\lib\site-packages\firebase_admin\_utils.py", line 104, in get_app_service
    return app._get_service(name, initializer) # pylint: disable=protected-access
  File "D:\CareerPilot AI\backend\venv\lib\site-packages\firebase_admin\__init__.py", line 303, in _get_service
    self._services[name] = initializer(self)
  File "D:\CareerPilot AI\backend\venv\lib\site-packages\firebase_admin\_auth_client.py", line 58, in __init__
    credential = app.credential.get_credential()
  File "D:\CareerPilot AI\backend\venv\lib\site-packages\firebase_admin\credentials.py", line 157, in get_credential
    self._load_credential()
  File "D:\CareerPilot AI\backend\venv\lib\site-packages\firebase_admin\credentials.py", line 174, in _load_credential
    self._g_credential, self._project_id = google.auth.default(scopes=_scopes)
  File "D:\CareerPilot AI\backend\venv\lib\site-packages\google\auth\_default.py", line 748, in default
    raise exceptions.DefaultCredentialsError(_CLOUD_SDK_MISSING_CREDENTIALS)
google.auth.exceptions.DefaultCredentialsError: Your default credentials were not found. To set up Application Default Credentials, see https://cloud.google.com/docs/authentication/external/set-up-adc for more information.

2026-07-24 11:05:56 [WARNING] app (main.py:38): AppException occurred: Invalid or expired authentication token (Status: 401, Code: UNAUTHORIZED)
2026-07-24 11:05:56 [INFO] uvicorn.access (httptools_impl.py:485): 127.0.0.1:64810 - "GET /api/v1/stats/overview HTTP/1.1" 401
2026-07-24 11:06:08 [ERROR] app (security.py:37): === FIREBASE ID TOKEN VERIFICATION FAILED ===
2026-07-24 11:06:08 [ERROR] app (security.py:38): Error: Your default credentials were not found. To set up Application Default Credentials, see https://cloud.google.com/docs/authentication/external/set-up-adc for more information.
2026-07-24 11:06:08 [ERROR] app (security.py:39): Stack trace:
Traceback (most recent call last):
  File "D:\CareerPilot AI\backend\app\core\security.py", line 33, in verify_firebase_token
    decoded_token = auth.verify_id_token(token)
  File "D:\CareerPilot AI\backend\venv\lib\site-packages\firebase_admin\auth.py", line 226, in verify_id_token
    client = _get_client(app)
  File "D:\CareerPilot AI\backend\venv\lib\site-packages\firebase_admin\auth.py", line 177, in _get_client
    return _utils.get_app_service(app, _AUTH_ATTRIBUTE, Client)
  File "D:\CareerPilot AI\backend\venv\lib\site-packages\firebase_admin\_utils.py", line 104, in get_app_service
    return app._get_service(name, initializer) # pylint: disable=protected-access
  File "D:\CareerPilot AI\backend\venv\lib\site-packages\firebase_admin\__init__.py", line 303, in _get_service
    self._services[name] = initializer(self)
  File "D:\CareerPilot AI\backend\venv\lib\site-packages\firebase_admin\_auth_client.py", line 58, in __init__
    credential = app.credential.get_credential()
  File "D:\CareerPilot AI\backend\venv\lib\site-packages\firebase_admin\credentials.py", line 157, in get_credential
    self._load_credential()
  File "D:\CareerPilot AI\backend\venv\lib\site-packages\firebase_admin\credentials.py", line 174, in _load_credential
    self._g_credential, self._project_id = google.auth.default(scopes=_scopes)
  File "D:\CareerPilot AI\backend\venv\lib\site-packages\google\auth\_default.py", line 748, in default
    raise exceptions.DefaultCredentialsError(_CLOUD_SDK_MISSING_CREDENTIALS)
google.auth.exceptions.DefaultCredentialsError: Your default credentials were not found. To set up Application Default Credentials, see https://cloud.google.com/docs/authentication/external/set-up-adc for more information.

2026-07-24 11:06:08 [WARNING] app (main.py:38): AppException occurred: Invalid or expired authentication token (Status: 401, Code: UNAUTHORIZED)
2026-07-24 11:06:08 [INFO] uvicorn.access (httptools_impl.py:485): 127.0.0.1:55632 - "GET /api/v1/stats/overview HTTP/1.1" 401
2026-07-24 11:06:20 [ERROR] app (security.py:37): === FIREBASE ID TOKEN VERIFICATION FAILED ===
2026-07-24 11:06:20 [ERROR] app (security.py:38): Error: Your default credentials were not found. To set up Application Default Credentials, see https://cloud.google.com/docs/authentication/external/set-up-adc for more information.
2026-07-24 11:06:20 [ERROR] app (security.py:39): Stack trace:
Traceback (most recent call last):
  File "D:\CareerPilot AI\backend\app\core\security.py", line 33, in verify_firebase_token
    decoded_token = auth.verify_id_token(token)
  File "D:\CareerPilot AI\backend\venv\lib\site-packages\firebase_admin\auth.py", line 226, in verify_id_token
    client = _get_client(app)
  File "D:\CareerPilot AI\backend\venv\lib\site-packages\firebase_admin\auth.py", line 177, in _get_client
    return _utils.get_app_service(app, _AUTH_ATTRIBUTE, Client)
  File "D:\CareerPilot AI\backend\venv\lib\site-packages\firebase_admin\_utils.py", line 104, in get_app_service
    return app._get_service(name, initializer) # pylint: disable=protected-access
  File "D:\CareerPilot AI\backend\venv\lib\site-packages\firebase_admin\__init__.py", line 303, in _get_service
    self._services[name] = initializer(self)
  File "D:\CareerPilot AI\backend\venv\lib\site-packages\firebase_admin\_auth_client.py", line 58, in __init__
    credential = app.credential.get_credential()
  File "D:\CareerPilot AI\backend\venv\lib\site-packages\firebase_admin\credentials.py", line 157, in get_credential
    self._load_credential()
  File "D:\CareerPilot AI\backend\venv\lib\site-packages\firebase_admin\credentials.py", line 174, in _load_credential
    self._g_credential, self._project_id = google.auth.default(scopes=_scopes)
  File "D:\CareerPilot AI\backend\venv\lib\site-packages\google\auth\_default.py", line 748, in default
    raise exceptions.DefaultCredentialsError(_CLOUD_SDK_MISSING_CREDENTIALS)
google.auth.exceptions.DefaultCredentialsError: Your default credentials were not found. To set up Application Default Credentials, see https://cloud.google.com/docs/authentication/external/set-up-adc for more information.

2026-07-24 11:06:20 [WARNING] app (main.py:38): AppException occurred: Invalid or expired authentication token (Status: 401, Code: UNAUTHORIZED)
2026-07-24 11:06:20 [INFO] uvicorn.access (httptools_impl.py:485): 127.0.0.1:54131 - "POST /api/v1/resumes/analyze HTTP/1.1" 401
2026-07-24 11:35:00 [INFO] uvicorn.error (server.py:270): Shutting down
2026-07-24 11:35:00 [INFO] uvicorn.error (on.py:67): Waiting for application shutdown.
2026-07-24 11:35:00 [INFO] uvicorn.error (on.py:76): Application shutdown complete.
2026-07-24 11:35:00 [INFO] uvicorn.error (server.py:101): Finished server process [14956]
2026-07-24 11:35:08 [INFO] app (logging.py:62): Centralized logging has been initialized. Logs will rotate in D:\CareerPilot AI\backend\logs\app.log
2026-07-24 11:35:08 [INFO] app (security.py:18): Firebase Admin initialized successfully using service account certificate.
2026-07-24 11:35:08 [INFO] uvicorn.error (server.py:91): Started server process [17236]
2026-07-24 11:35:08 [INFO] uvicorn.error (on.py:48): Waiting for application startup.
2026-07-24 11:35:08 [INFO] uvicorn.error (on.py:62): Application startup complete.
2026-07-24 11:37:51 [ERROR] app (security.py:37): === FIREBASE ID TOKEN VERIFICATION FAILED ===
2026-07-24 11:37:51 [ERROR] app (security.py:38): Error: Your default credentials were not found. To set up Application Default Credentials, see https://cloud.google.com/docs/authentication/external/set-up-adc for more information.
2026-07-24 11:37:51 [ERROR] app (security.py:39): Stack trace:
Traceback (most recent call last):
  File "D:\CareerPilot AI\backend\app\core\security.py", line 33, in verify_firebase_token
    decoded_token = auth.verify_id_token(token)
  File "D:\CareerPilot AI\backend\venv\lib\site-packages\firebase_admin\auth.py", line 226, in verify_id_token
    client = _get_client(app)
  File "D:\CareerPilot AI\backend\venv\lib\site-packages\firebase_admin\auth.py", line 177, in _get_client
    return _utils.get_app_service(app, _AUTH_ATTRIBUTE, Client)
  File "D:\CareerPilot AI\backend\venv\lib\site-packages\firebase_admin\_utils.py", line 104, in get_app_service
    return app._get_service(name, initializer) # pylint: disable=protected-access
  File "D:\CareerPilot AI\backend\venv\lib\site-packages\firebase_admin\__init__.py", line 303, in _get_service
    self._services[name] = initializer(self)
  File "D:\CareerPilot AI\backend\venv\lib\site-packages\firebase_admin\_auth_client.py", line 58, in __init__
    credential = app.credential.get_credential()
  File "D:\CareerPilot AI\backend\venv\lib\site-packages\firebase_admin\credentials.py", line 157, in get_credential
    self._load_credential()
  File "D:\CareerPilot AI\backend\venv\lib\site-packages\firebase_admin\credentials.py", line 174, in _load_credential
    self._g_credential, self._project_id = google.auth.default(scopes=_scopes)
  File "D:\CareerPilot AI\backend\venv\lib\site-packages\google\auth\_default.py", line 748, in default
    raise exceptions.DefaultCredentialsError(_CLOUD_SDK_MISSING_CREDENTIALS)
google.auth.exceptions.DefaultCredentialsError: Your default credentials were not found. To set up Application Default Credentials, see https://cloud.google.com/docs/authentication/external/set-up-adc for more information.

2026-07-24 11:37:51 [WARNING] app (main.py:38): AppException occurred: Invalid or expired authentication token (Status: 401, Code: UNAUTHORIZED)
2026-07-24 11:37:51 [INFO] uvicorn.access (httptools_impl.py:485): 127.0.0.1:53486 - "GET /api/v1/stats/overview HTTP/1.1" 401
2026-07-24 11:38:03 [ERROR] app (security.py:37): === FIREBASE ID TOKEN VERIFICATION FAILED ===
2026-07-24 11:38:03 [ERROR] app (security.py:38): Error: Your default credentials were not found. To set up Application Default Credentials, see https://cloud.google.com/docs/authentication/external/set-up-adc for more information.
2026-07-24 11:38:03 [ERROR] app (security.py:39): Stack trace:
Traceback (most recent call last):
  File "D:\CareerPilot AI\backend\app\core\security.py", line 33, in verify_firebase_token
    decoded_token = auth.verify_id_token(token)
  File "D:\CareerPilot AI\backend\venv\lib\site-packages\firebase_admin\auth.py", line 226, in verify_id_token
    client = _get_client(app)
  File "D:\CareerPilot AI\backend\venv\lib\site-packages\firebase_admin\auth.py", line 177, in _get_client
    return _utils.get_app_service(app, _AUTH_ATTRIBUTE, Client)
  File "D:\CareerPilot AI\backend\venv\lib\site-packages\firebase_admin\_utils.py", line 104, in get_app_service
    return app._get_service(name, initializer) # pylint: disable=protected-access
  File "D:\CareerPilot AI\backend\venv\lib\site-packages\firebase_admin\__init__.py", line 303, in _get_service
    self._services[name] = initializer(self)
  File "D:\CareerPilot AI\backend\venv\lib\site-packages\firebase_admin\_auth_client.py", line 58, in __init__
    credential = app.credential.get_credential()
  File "D:\CareerPilot AI\backend\venv\lib\site-packages\firebase_admin\credentials.py", line 157, in get_credential
    self._load_credential()
  File "D:\CareerPilot AI\backend\venv\lib\site-packages\firebase_admin\credentials.py", line 174, in _load_credential
    self._g_credential, self._project_id = google.auth.default(scopes=_scopes)
  File "D:\CareerPilot AI\backend\venv\lib\site-packages\google\auth\_default.py", line 748, in default
    raise exceptions.DefaultCredentialsError(_CLOUD_SDK_MISSING_CREDENTIALS)
google.auth.exceptions.DefaultCredentialsError: Your default credentials were not found. To set up Application Default Credentials, see https://cloud.google.com/docs/authentication/external/set-up-adc for more information.

2026-07-24 11:38:03 [WARNING] app (main.py:38): AppException occurred: Invalid or expired authentication token (Status: 401, Code: UNAUTHORIZED)
2026-07-24 11:38:03 [INFO] uvicorn.access (httptools_impl.py:485): 127.0.0.1:63431 - "GET /api/v1/stats/overview HTTP/1.1" 401
2026-07-24 11:38:57 [ERROR] app (security.py:37): === FIREBASE ID TOKEN VERIFICATION FAILED ===
2026-07-24 11:38:57 [ERROR] app (security.py:38): Error: Your default credentials were not found. To set up Application Default Credentials, see https://cloud.google.com/docs/authentication/external/set-up-adc for more information.
2026-07-24 11:38:57 [ERROR] app (security.py:39): Stack trace:
Traceback (most recent call last):
  File "D:\CareerPilot AI\backend\app\core\security.py", line 33, in verify_firebase_token
    decoded_token = auth.verify_id_token(token)
  File "D:\CareerPilot AI\backend\venv\lib\site-packages\firebase_admin\auth.py", line 226, in verify_id_token
    client = _get_client(app)
  File "D:\CareerPilot AI\backend\venv\lib\site-packages\firebase_admin\auth.py", line 177, in _get_client
    return _utils.get_app_service(app, _AUTH_ATTRIBUTE, Client)
  File "D:\CareerPilot AI\backend\venv\lib\site-packages\firebase_admin\_utils.py", line 104, in get_app_service
    return app._get_service(name, initializer) # pylint: disable=protected-access
  File "D:\CareerPilot AI\backend\venv\lib\site-packages\firebase_admin\__init__.py", line 303, in _get_service
    self._services[name] = initializer(self)
  File "D:\CareerPilot AI\backend\venv\lib\site-packages\firebase_admin\_auth_client.py", line 58, in __init__
    credential = app.credential.get_credential()
  File "D:\CareerPilot AI\backend\venv\lib\site-packages\firebase_admin\credentials.py", line 157, in get_credential
    self._load_credential()
  File "D:\CareerPilot AI\backend\venv\lib\site-packages\firebase_admin\credentials.py", line 174, in _load_credential
    self._g_credential, self._project_id = google.auth.default(scopes=_scopes)
  File "D:\CareerPilot AI\backend\venv\lib\site-packages\google\auth\_default.py", line 748, in default
    raise exceptions.DefaultCredentialsError(_CLOUD_SDK_MISSING_CREDENTIALS)
google.auth.exceptions.DefaultCredentialsError: Your default credentials were not found. To set up Application Default Credentials, see https://cloud.google.com/docs/authentication/external/set-up-adc for more information.

2026-07-24 11:38:57 [WARNING] app (main.py:38): AppException occurred: Invalid or expired authentication token (Status: 401, Code: UNAUTHORIZED)
2026-07-24 11:38:57 [INFO] uvicorn.access (httptools_impl.py:485): 127.0.0.1:63958 - "POST /api/v1/resumes/analyze HTTP/1.1" 401
2026-07-24 11:40:04 [ERROR] app (security.py:37): === FIREBASE ID TOKEN VERIFICATION FAILED ===
2026-07-24 11:40:04 [ERROR] app (security.py:38): Error: Your default credentials were not found. To set up Application Default Credentials, see https://cloud.google.com/docs/authentication/external/set-up-adc for more information.
2026-07-24 11:40:04 [ERROR] app (security.py:39): Stack trace:
Traceback (most recent call last):
  File "D:\CareerPilot AI\backend\app\core\security.py", line 33, in verify_firebase_token
    decoded_token = auth.verify_id_token(token)
  File "D:\CareerPilot AI\backend\venv\lib\site-packages\firebase_admin\auth.py", line 226, in verify_id_token
    client = _get_client(app)
  File "D:\CareerPilot AI\backend\venv\lib\site-packages\firebase_admin\auth.py", line 177, in _get_client
    return _utils.get_app_service(app, _AUTH_ATTRIBUTE, Client)
  File "D:\CareerPilot AI\backend\venv\lib\site-packages\firebase_admin\_utils.py", line 104, in get_app_service
    return app._get_service(name, initializer) # pylint: disable=protected-access
  File "D:\CareerPilot AI\backend\venv\lib\site-packages\firebase_admin\__init__.py", line 303, in _get_service
    self._services[name] = initializer(self)
  File "D:\CareerPilot AI\backend\venv\lib\site-packages\firebase_admin\_auth_client.py", line 58, in __init__
    credential = app.credential.get_credential()
  File "D:\CareerPilot AI\backend\venv\lib\site-packages\firebase_admin\credentials.py", line 157, in get_credential
    self._load_credential()
  File "D:\CareerPilot AI\backend\venv\lib\site-packages\firebase_admin\credentials.py", line 174, in _load_credential
    self._g_credential, self._project_id = google.auth.default(scopes=_scopes)
  File "D:\CareerPilot AI\backend\venv\lib\site-packages\google\auth\_default.py", line 748, in default
    raise exceptions.DefaultCredentialsError(_CLOUD_SDK_MISSING_CREDENTIALS)
google.auth.exceptions.DefaultCredentialsError: Your default credentials were not found. To set up Application Default Credentials, see https://cloud.google.com/docs/authentication/external/set-up-adc for more information.

2026-07-24 11:40:04 [WARNING] app (main.py:38): AppException occurred: Invalid or expired authentication token (Status: 401, Code: UNAUTHORIZED)
2026-07-24 11:40:04 [INFO] uvicorn.access (httptools_impl.py:485): 127.0.0.1:65083 - "POST /api/v1/resumes/analyze HTTP/1.1" 401
2026-07-24 11:54:23 [INFO] uvicorn.error (server.py:270): Shutting down
2026-07-24 11:54:23 [INFO] uvicorn.error (on.py:67): Waiting for application shutdown.
2026-07-24 11:54:23 [INFO] uvicorn.error (on.py:76): Application shutdown complete.
2026-07-24 11:54:23 [INFO] uvicorn.error (server.py:101): Finished server process [17236]
2026-07-24 11:54:25 [INFO] app (logging.py:62): Centralized logging has been initialized. Logs will rotate in D:\CareerPilot AI\backend\logs\app.log
2026-07-24 11:54:25 [INFO] app (security.py:65): Firebase Admin initialized successfully using service account certificate.
2026-07-24 11:54:25 [INFO] uvicorn.error (server.py:91): Started server process [11928]
2026-07-24 11:54:25 [INFO] uvicorn.error (on.py:48): Waiting for application startup.
2026-07-24 11:54:25 [INFO] uvicorn.error (on.py:62): Application startup complete.
2026-07-24 11:54:58 [INFO] uvicorn.error (server.py:270): Shutting down
2026-07-24 11:54:58 [INFO] uvicorn.error (on.py:67): Waiting for application shutdown.
2026-07-24 11:54:58 [INFO] uvicorn.error (on.py:76): Application shutdown complete.
2026-07-24 11:54:58 [INFO] uvicorn.error (server.py:101): Finished server process [31796]
2026-07-24 11:55:00 [INFO] app (logging.py:62): Centralized logging has been initialized. Logs will rotate in D:\CareerPilot AI\backend\logs\app.log
2026-07-24 11:55:00 [INFO] app (security.py:65): Firebase Admin initialized successfully using service account certificate.
2026-07-24 11:55:00 [INFO] uvicorn.error (server.py:91): Started server process [22612]
2026-07-24 11:55:00 [INFO] uvicorn.error (on.py:48): Waiting for application startup.
2026-07-24 11:55:00 [INFO] uvicorn.error (on.py:62): Application startup complete.
2026-07-24 11:55:26 [INFO] uvicorn.error (server.py:270): Shutting down
2026-07-24 11:55:26 [INFO] uvicorn.error (on.py:67): Waiting for application shutdown.
2026-07-24 11:55:26 [INFO] uvicorn.error (on.py:76): Application shutdown complete.
2026-07-24 11:55:26 [INFO] uvicorn.error (server.py:101): Finished server process [11928]
2026-07-24 11:55:27 [INFO] app (logging.py:62): Centralized logging has been initialized. Logs will rotate in D:\CareerPilot AI\backend\logs\app.log
2026-07-24 11:55:27 [INFO] app (security.py:65): Firebase Admin initialized successfully using service account certificate.
2026-07-24 11:55:27 [INFO] uvicorn.error (server.py:91): Started server process [23672]
2026-07-24 11:55:27 [INFO] uvicorn.error (on.py:48): Waiting for application startup.
2026-07-24 11:55:27 [INFO] uvicorn.error (on.py:62): Application startup complete.
2026-07-24 11:55:45 [INFO] uvicorn.error (server.py:270): Shutting down
2026-07-24 11:55:45 [INFO] uvicorn.error (on.py:67): Waiting for application shutdown.
2026-07-24 11:55:45 [INFO] uvicorn.error (on.py:76): Application shutdown complete.
2026-07-24 11:55:45 [INFO] uvicorn.error (server.py:101): Finished server process [23672]
2026-07-24 11:55:53 [INFO] app (logging.py:62): Centralized logging has been initialized. Logs will rotate in D:\CareerPilot AI\backend\logs\app.log
2026-07-24 11:55:53 [INFO] app (security.py:65): Firebase Admin initialized successfully using service account certificate.
2026-07-24 11:55:53 [INFO] uvicorn.error (server.py:91): Started server process [40468]
2026-07-24 11:55:53 [INFO] uvicorn.error (on.py:48): Waiting for application startup.
2026-07-24 11:55:53 [INFO] uvicorn.error (on.py:62): Application startup complete.
2026-07-24 11:56:58 [INFO] uvicorn.error (server.py:270): Shutting down
2026-07-24 11:56:58 [ERROR] app (main.py:51): An unhandled exception occurred: [Errno 22] Invalid argument
Traceback (most recent call last):
  File "D:\CareerPilot AI\backend\venv\lib\site-packages\starlette\middleware\errors.py", line 164, in __call__
    await self.app(scope, receive, _send)
  File "D:\CareerPilot AI\backend\venv\lib\site-packages\starlette\middleware\cors.py", line 88, in __call__
    await self.app(scope, receive, send)
  File "D:\CareerPilot AI\backend\venv\lib\site-packages\starlette\middleware\exceptions.py", line 63, in __call__
    await wrap_app_handling_exceptions(self.app, conn)(scope, receive, send)
  File "D:\CareerPilot AI\backend\venv\lib\site-packages\starlette\_exception_handler.py", line 53, in wrapped_app
    raise exc
  File "D:\CareerPilot AI\backend\venv\lib\site-packages\starlette\_exception_handler.py", line 42, in wrapped_app
    await app(scope, receive, sender)
  File "D:\CareerPilot AI\backend\venv\lib\site-packages\fastapi\middleware\asyncexitstack.py", line 18, in __call__
    await self.app(scope, receive, send)
  File "D:\CareerPilot AI\backend\venv\lib\site-packages\starlette\routing.py", line 660, in __call__
    await self.middleware_stack(scope, receive, send)
  File "D:\CareerPilot AI\backend\venv\lib\site-packages\fastapi\routing.py", line 2685, in app
    await route.handle(scope, receive, send)
  File "D:\CareerPilot AI\backend\venv\lib\site-packages\fastapi\routing.py", line 1766, in handle
    await self.original_router.handle(scope, receive, send)
  File "D:\CareerPilot AI\backend\venv\lib\site-packages\fastapi\routing.py", line 2740, in handle
    await included_router._handle_selected(scope, receive, send)
  File "D:\CareerPilot AI\backend\venv\lib\site-packages\fastapi\routing.py", line 1777, in _handle_selected
    await route.handle(scope, receive, send)
  File "D:\CareerPilot AI\backend\venv\lib\site-packages\fastapi\routing.py", line 1766, in handle
    await self.original_router.handle(scope, receive, send)
  File "D:\CareerPilot AI\backend\venv\lib\site-packages\fastapi\routing.py", line 2740, in handle
    await included_router._handle_selected(scope, receive, send)
  File "D:\CareerPilot AI\backend\venv\lib\site-packages\fastapi\routing.py", line 1786, in _handle_selected
    await original_route.handle(scope, receive, send)
  File "D:\CareerPilot AI\backend\venv\lib\site-packages\fastapi\routing.py", line 1265, in handle
    await app(scope, receive, send)
  File "D:\CareerPilot AI\backend\venv\lib\site-packages\fastapi\routing.py", line 151, in app
    await wrap_app_handling_exceptions(app, request)(scope, receive, send)
  File "D:\CareerPilot AI\backend\venv\lib\site-packages\starlette\_exception_handler.py", line 53, in wrapped_app
    raise exc
  File "D:\CareerPilot AI\backend\venv\lib\site-packages\starlette\_exception_handler.py", line 42, in wrapped_app
    await app(scope, receive, sender)
  File "D:\CareerPilot AI\backend\venv\lib\site-packages\fastapi\routing.py", line 137, in app
    response = await f(request)
  File "D:\CareerPilot AI\backend\venv\lib\site-packages\fastapi\routing.py", line 474, in app
    solved_result = await solve_dependencies(
  File "D:\CareerPilot AI\backend\venv\lib\site-packages\fastapi\dependencies\utils.py", line 680, in solve_dependencies
    solved = await run_in_threadpool(call, **solved_result.values)
  File "D:\CareerPilot AI\backend\venv\lib\site-packages\starlette\concurrency.py", line 34, in run_in_threadpool
    return await anyio.to_thread.run_sync(func)
  File "D:\CareerPilot AI\backend\venv\lib\site-packages\anyio\to_thread.py", line 65, in run_sync
    return await get_async_backend().run_sync_in_worker_thread(
  File "D:\CareerPilot AI\backend\venv\lib\site-packages\anyio\_backends\_asyncio.py", line 2641, in run_sync_in_worker_thread
    return await future
  File "D:\CareerPilot AI\backend\venv\lib\site-packages\anyio\_backends\_asyncio.py", line 1033, in run
    result = context.run(func, *args)
  File "D:\CareerPilot AI\backend\app\api\deps.py", line 21, in get_current_user
    #     return verify_firebase_token(token)
  File "D:\CareerPilot AI\backend\app\core\security.py", line 87, in verify_firebase_token
    print("\n========== FIREBASE TOKEN DEBUG ==========", flush=True)
OSError: [Errno 22] Invalid argument
2026-07-24 11:56:58 [INFO] uvicorn.access (httptools_impl.py:485): 127.0.0.1:50784 - "GET /api/v1/stats/overview HTTP/1.1" 500
2026-07-24 11:56:58 [ERROR] uvicorn.error (httptools_impl.py:427): Exception in ASGI application
Traceback (most recent call last):
  File "D:\CareerPilot AI\backend\venv\lib\site-packages\uvicorn\protocols\http\httptools_impl.py", line 422, in run_asgi
    result = await app(  # type: ignore[func-returns-value]
  File "D:\CareerPilot AI\backend\venv\lib\site-packages\uvicorn\middleware\proxy_headers.py", line 63, in __call__
    return await self.app(scope, receive, send)
  File "D:\CareerPilot AI\backend\venv\lib\site-packages\fastapi\applications.py", line 1163, in __call__
    await super().__call__(scope, receive, send)
  File "D:\CareerPilot AI\backend\venv\lib\site-packages\starlette\applications.py", line 90, in __call__
    await self.middleware_stack(scope, receive, send)
  File "D:\CareerPilot AI\backend\venv\lib\site-packages\starlette\middleware\errors.py", line 186, in __call__
    raise exc
  File "D:\CareerPilot AI\backend\venv\lib\site-packages\starlette\middleware\errors.py", line 164, in __call__
    await self.app(scope, receive, _send)
  File "D:\CareerPilot AI\backend\venv\lib\site-packages\starlette\middleware\cors.py", line 88, in __call__
    await self.app(scope, receive, send)
  File "D:\CareerPilot AI\backend\venv\lib\site-packages\starlette\middleware\exceptions.py", line 63, in __call__
    await wrap_app_handling_exceptions(self.app, conn)(scope, receive, send)
  File "D:\CareerPilot AI\backend\venv\lib\site-packages\starlette\_exception_handler.py", line 53, in wrapped_app
    raise exc
  File "D:\CareerPilot AI\backend\venv\lib\site-packages\starlette\_exception_handler.py", line 42, in wrapped_app
    await app(scope, receive, sender)
  File "D:\CareerPilot AI\backend\venv\lib\site-packages\fastapi\middleware\asyncexitstack.py", line 18, in __call__
    await self.app(scope, receive, send)
  File "D:\CareerPilot AI\backend\venv\lib\site-packages\starlette\routing.py", line 660, in __call__
    await self.middleware_stack(scope, receive, send)
  File "D:\CareerPilot AI\backend\venv\lib\site-packages\fastapi\routing.py", line 2685, in app
    await route.handle(scope, receive, send)
  File "D:\CareerPilot AI\backend\venv\lib\site-packages\fastapi\routing.py", line 1766, in handle
    await self.original_router.handle(scope, receive, send)
  File "D:\CareerPilot AI\backend\venv\lib\site-packages\fastapi\routing.py", line 2740, in handle
    await included_router._handle_selected(scope, receive, send)
  File "D:\CareerPilot AI\backend\venv\lib\site-packages\fastapi\routing.py", line 1777, in _handle_selected
    await route.handle(scope, receive, send)
  File "D:\CareerPilot AI\backend\venv\lib\site-packages\fastapi\routing.py", line 1766, in handle
    await self.original_router.handle(scope, receive, send)
  File "D:\CareerPilot AI\backend\venv\lib\site-packages\fastapi\routing.py", line 2740, in handle
    await included_router._handle_selected(scope, receive, send)
  File "D:\CareerPilot AI\backend\venv\lib\site-packages\fastapi\routing.py", line 1786, in _handle_selected
    await original_route.handle(scope, receive, send)
  File "D:\CareerPilot AI\backend\venv\lib\site-packages\fastapi\routing.py", line 1265, in handle
    await app(scope, receive, send)
  File "D:\CareerPilot AI\backend\venv\lib\site-packages\fastapi\routing.py", line 151, in app
    await wrap_app_handling_exceptions(app, request)(scope, receive, send)
  File "D:\CareerPilot AI\backend\venv\lib\site-packages\starlette\_exception_handler.py", line 53, in wrapped_app
    raise exc
  File "D:\CareerPilot AI\backend\venv\lib\site-packages\starlette\_exception_handler.py", line 42, in wrapped_app
    await app(scope, receive, sender)
  File "D:\CareerPilot AI\backend\venv\lib\site-packages\fastapi\routing.py", line 137, in app
    response = await f(request)
  File "D:\CareerPilot AI\backend\venv\lib\site-packages\fastapi\routing.py", line 474, in app
    solved_result = await solve_dependencies(
  File "D:\CareerPilot AI\backend\venv\lib\site-packages\fastapi\dependencies\utils.py", line 680, in solve_dependencies
    solved = await run_in_threadpool(call, **solved_result.values)
  File "D:\CareerPilot AI\backend\venv\lib\site-packages\starlette\concurrency.py", line 34, in run_in_threadpool
    return await anyio.to_thread.run_sync(func)
  File "D:\CareerPilot AI\backend\venv\lib\site-packages\anyio\to_thread.py", line 65, in run_sync
    return await get_async_backend().run_sync_in_worker_thread(
  File "D:\CareerPilot AI\backend\venv\lib\site-packages\anyio\_backends\_asyncio.py", line 2641, in run_sync_in_worker_thread
    return await future
  File "D:\CareerPilot AI\backend\venv\lib\site-packages\anyio\_backends\_asyncio.py", line 1033, in run
    result = context.run(func, *args)
  File "D:\CareerPilot AI\backend\app\api\deps.py", line 21, in get_current_user
    #     return verify_firebase_token(token)
  File "D:\CareerPilot AI\backend\app\core\security.py", line 87, in verify_firebase_token
    print("\n========== FIREBASE TOKEN DEBUG ==========", flush=True)
OSError: [Errno 22] Invalid argument
2026-07-24 11:56:58 [INFO] uvicorn.error (on.py:67): Waiting for application shutdown.
2026-07-24 11:56:58 [INFO] uvicorn.error (on.py:76): Application shutdown complete.
2026-07-24 11:56:58 [INFO] uvicorn.error (server.py:101): Finished server process [22612]
2026-07-24 11:57:57 [INFO] uvicorn.access (httptools_impl.py:485): 127.0.0.1:64200 - "POST /api/v1/resumes/analyze HTTP/1.1" 200
2026-07-25 17:30:39 [INFO] app (logging.py:62): Centralized logging has been initialized. Logs will rotate in D:\CareerPilot AI\backend\logs\app.log
2026-07-25 17:30:40 [INFO] app (security.py:65): Firebase Admin initialized successfully using service account certificate.
2026-07-25 17:30:40 [INFO] uvicorn.error (server.py:91): Started server process [10888]
2026-07-25 17:30:40 [INFO] uvicorn.error (on.py:48): Waiting for application startup.
2026-07-25 17:30:40 [INFO] uvicorn.error (on.py:62): Application startup complete.
2026-07-25 17:31:32 [ERROR] app (firebase_service.py:217): Failed to query resumes in Firestore: 404 The database (default) does not exist for project careerpilot-ai-ce198 Please visit https://console.cloud.google.com/datastore/setup?project=careerpilot-ai-ce198 to add a Cloud Datastore or Cloud Firestore database. . Falling back to local cache.
2026-07-25 17:31:33 [ERROR] app (firebase_service.py:560): Failed to query interviews in Firestore: 404 The database (default) does not exist for project careerpilot-ai-ce198 Please visit https://console.cloud.google.com/datastore/setup?project=careerpilot-ai-ce198 to add a Cloud Datastore or Cloud Firestore database. . Falling back to local cache.
2026-07-25 17:31:33 [ERROR] app (firebase_service.py:349): Failed to query DSA progress from Firestore: 404 The database (default) does not exist for project careerpilot-ai-ce198 Please visit https://console.cloud.google.com/datastore/setup?project=careerpilot-ai-ce198 to add a Cloud Datastore or Cloud Firestore database. 
2026-07-25 17:31:33 [INFO] uvicorn.access (httptools_impl.py:485): 127.0.0.1:52825 - "GET /api/v1/stats/overview HTTP/1.1" 200
2026-07-25 17:31:34 [ERROR] app (firebase_service.py:217): Failed to query resumes in Firestore: 404 The database (default) does not exist for project careerpilot-ai-ce198 Please visit https://console.cloud.google.com/datastore/setup?project=careerpilot-ai-ce198 to add a Cloud Datastore or Cloud Firestore database. . Falling back to local cache.
2026-07-25 17:31:34 [ERROR] app (firebase_service.py:560): Failed to query interviews in Firestore: 404 The database (default) does not exist for project careerpilot-ai-ce198 Please visit https://console.cloud.google.com/datastore/setup?project=careerpilot-ai-ce198 to add a Cloud Datastore or Cloud Firestore database. . Falling back to local cache.
2026-07-25 17:31:35 [ERROR] app (firebase_service.py:349): Failed to query DSA progress from Firestore: 404 The database (default) does not exist for project careerpilot-ai-ce198 Please visit https://console.cloud.google.com/datastore/setup?project=careerpilot-ai-ce198 to add a Cloud Datastore or Cloud Firestore database. 
2026-07-25 17:31:35 [INFO] uvicorn.access (httptools_impl.py:485): 127.0.0.1:50736 - "GET /api/v1/stats/overview HTTP/1.1" 200
2026-07-25 17:31:35 [ERROR] app (firebase_service.py:349): Failed to query DSA progress from Firestore: 404 The database (default) does not exist for project careerpilot-ai-ce198 Please visit https://console.cloud.google.com/datastore/setup?project=careerpilot-ai-ce198 to add a Cloud Datastore or Cloud Firestore database. 
2026-07-25 17:31:35 [INFO] uvicorn.access (httptools_impl.py:485): 127.0.0.1:58290 - "GET /api/v1/dsa/topics HTTP/1.1" 200
2026-07-25 17:31:36 [ERROR] app (firebase_service.py:349): Failed to query DSA progress from Firestore: 404 The database (default) does not exist for project careerpilot-ai-ce198 Please visit https://console.cloud.google.com/datastore/setup?project=careerpilot-ai-ce198 to add a Cloud Datastore or Cloud Firestore database. 
2026-07-25 17:31:36 [INFO] uvicorn.access (httptools_impl.py:485): 127.0.0.1:63547 - "GET /api/v1/dsa/topics HTTP/1.1" 200
2026-07-25 17:31:36 [ERROR] app (firebase_service.py:509): Failed to query company preps from Firestore: 404 The database (default) does not exist for project careerpilot-ai-ce198 Please visit https://console.cloud.google.com/datastore/setup?project=careerpilot-ai-ce198 to add a Cloud Datastore or Cloud Firestore database. 
2026-07-25 17:31:36 [INFO] uvicorn.access (httptools_impl.py:485): 127.0.0.1:53409 - "GET /api/v1/company/prep HTTP/1.1" 200
2026-07-25 17:31:37 [ERROR] app (firebase_service.py:509): Failed to query company preps from Firestore: 404 The database (default) does not exist for project careerpilot-ai-ce198 Please visit https://console.cloud.google.com/datastore/setup?project=careerpilot-ai-ce198 to add a Cloud Datastore or Cloud Firestore database. 
2026-07-25 17:31:37 [INFO] uvicorn.access (httptools_impl.py:485): 127.0.0.1:64013 - "GET /api/v1/company/prep HTTP/1.1" 200
2026-07-25 17:31:37 [ERROR] app (firebase_service.py:217): Failed to query resumes in Firestore: 404 The database (default) does not exist for project careerpilot-ai-ce198 Please visit https://console.cloud.google.com/datastore/setup?project=careerpilot-ai-ce198 to add a Cloud Datastore or Cloud Firestore database. . Falling back to local cache.
2026-07-25 17:31:37 [INFO] uvicorn.access (httptools_impl.py:485): 127.0.0.1:58328 - "GET /api/v1/resumes/history HTTP/1.1" 200
2026-07-25 17:31:38 [ERROR] app (firebase_service.py:217): Failed to query resumes in Firestore: 404 The database (default) does not exist for project careerpilot-ai-ce198 Please visit https://console.cloud.google.com/datastore/setup?project=careerpilot-ai-ce198 to add a Cloud Datastore or Cloud Firestore database. . Falling back to local cache.
2026-07-25 17:31:38 [INFO] uvicorn.access (httptools_impl.py:485): 127.0.0.1:55376 - "GET /api/v1/resumes/history HTTP/1.1" 200
2026-07-25 17:31:38 [ERROR] app (firebase_service.py:413): Failed to query roadmap from Firestore: 404 The database (default) does not exist for project careerpilot-ai-ce198 Please visit https://console.cloud.google.com/datastore/setup?project=careerpilot-ai-ce198 to add a Cloud Datastore or Cloud Firestore database. 
2026-07-25 17:31:38 [INFO] uvicorn.access (httptools_impl.py:485): 127.0.0.1:60202 - "GET /api/v1/roadmap/active HTTP/1.1" 200
2026-07-25 17:31:38 [ERROR] app (firebase_service.py:413): Failed to query roadmap from Firestore: 404 The database (default) does not exist for project careerpilot-ai-ce198 Please visit https://console.cloud.google.com/datastore/setup?project=careerpilot-ai-ce198 to add a Cloud Datastore or Cloud Firestore database. 
2026-07-25 17:31:38 [INFO] uvicorn.access (httptools_impl.py:485): 127.0.0.1:57577 - "GET /api/v1/roadmap/active HTTP/1.1" 200
2026-07-25 17:31:38 [ERROR] app (firebase_service.py:560): Failed to query interviews in Firestore: 404 The database (default) does not exist for project careerpilot-ai-ce198 Please visit https://console.cloud.google.com/datastore/setup?project=careerpilot-ai-ce198 to add a Cloud Datastore or Cloud Firestore database. . Falling back to local cache.
2026-07-25 17:31:38 [INFO] uvicorn.access (httptools_impl.py:485): 127.0.0.1:51255 - "GET /api/v1/interviews/history HTTP/1.1" 200
2026-07-25 17:31:39 [ERROR] app (firebase_service.py:560): Failed to query interviews in Firestore: 404 The database (default) does not exist for project careerpilot-ai-ce198 Please visit https://console.cloud.google.com/datastore/setup?project=careerpilot-ai-ce198 to add a Cloud Datastore or Cloud Firestore database. . Falling back to local cache.
2026-07-25 17:31:39 [INFO] uvicorn.access (httptools_impl.py:485): 127.0.0.1:56268 - "GET /api/v1/interviews/history HTTP/1.1" 200
2026-07-25 17:32:34 [ERROR] app (security.py:105): === FIREBASE ID TOKEN VERIFICATION FAILED ===
2026-07-25 17:32:34 [ERROR] app (security.py:106): Error: Token used too early, 1784980954 < 1784980955. Check that your computer's clock is set correctly.
2026-07-25 17:32:34 [ERROR] app (security.py:107): Stack trace:
Traceback (most recent call last):
  File "D:\CareerPilot AI\backend\venv\lib\site-packages\firebase_admin\_token_gen.py", line 396, in verify
    verified_claims = google.oauth2.id_token.verify_token(
  File "D:\CareerPilot AI\backend\venv\lib\site-packages\google\oauth2\id_token.py", line 153, in verify_token
    return jwt.decode(
  File "D:\CareerPilot AI\backend\venv\lib\site-packages\google\auth\jwt.py", line 303, in decode
    _verify_iat_and_exp(payload, clock_skew_in_seconds)
  File "D:\CareerPilot AI\backend\venv\lib\site-packages\google\auth\jwt.py", line 217, in _verify_iat_and_exp
    raise exceptions.InvalidValue(
google.auth.exceptions.InvalidValue: Token used too early, 1784980954 < 1784980955. Check that your computer's clock is set correctly.

During handling of the above exception, another exception occurred:

Traceback (most recent call last):
  File "D:\CareerPilot AI\backend\app\core\security.py", line 93, in verify_firebase_token
    decoded_token = auth.verify_id_token(token)
  File "D:\CareerPilot AI\backend\venv\lib\site-packages\firebase_admin\auth.py", line 227, in verify_id_token
    return client.verify_id_token(
  File "D:\CareerPilot AI\backend\venv\lib\site-packages\firebase_admin\_auth_client.py", line 130, in verify_id_token
    verified_claims = self._token_verifier.verify_id_token(id_token, clock_skew_seconds)
  File "D:\CareerPilot AI\backend\venv\lib\site-packages\firebase_admin\_token_gen.py", line 293, in verify_id_token
    return self.id_token_verifier.verify(id_token, self.request, clock_skew_seconds)
  File "D:\CareerPilot AI\backend\venv\lib\site-packages\firebase_admin\_token_gen.py", line 409, in verify
    raise self._invalid_token_error(str(error), cause=error)
firebase_admin._auth_utils.InvalidIdTokenError: Token used too early, 1784980954 < 1784980955. Check that your computer's clock is set correctly.

2026-07-25 17:32:34 [WARNING] app (main.py:38): AppException occurred: Invalid or expired authentication token (Status: 401, Code: UNAUTHORIZED)
2026-07-25 17:32:34 [INFO] uvicorn.access (httptools_impl.py:485): 127.0.0.1:59992 - "POST /api/v1/resumes/analyze HTTP/1.1" 401
2026-07-25 17:32:38 [INFO] uvicorn.access (httptools_impl.py:485): 127.0.0.1:55432 - "POST /api/v1/resumes/analyze HTTP/1.1" 200
2026-07-25 17:33:13 [ERROR] app (security.py:105): === FIREBASE ID TOKEN VERIFICATION FAILED ===
2026-07-25 17:33:13 [ERROR] app (security.py:106): Error: Token used too early, 1784980993 < 1784980994. Check that your computer's clock is set correctly.
2026-07-25 17:33:13 [ERROR] app (security.py:107): Stack trace:
Traceback (most recent call last):
  File "D:\CareerPilot AI\backend\venv\lib\site-packages\firebase_admin\_token_gen.py", line 396, in verify
    verified_claims = google.oauth2.id_token.verify_token(
  File "D:\CareerPilot AI\backend\venv\lib\site-packages\google\oauth2\id_token.py", line 153, in verify_token
    return jwt.decode(
  File "D:\CareerPilot AI\backend\venv\lib\site-packages\google\auth\jwt.py", line 303, in decode
    _verify_iat_and_exp(payload, clock_skew_in_seconds)
  File "D:\CareerPilot AI\backend\venv\lib\site-packages\google\auth\jwt.py", line 217, in _verify_iat_and_exp
    raise exceptions.InvalidValue(
google.auth.exceptions.InvalidValue: Token used too early, 1784980993 < 1784980994. Check that your computer's clock is set correctly.

During handling of the above exception, another exception occurred:

Traceback (most recent call last):
  File "D:\CareerPilot AI\backend\app\core\security.py", line 93, in verify_firebase_token
    decoded_token = auth.verify_id_token(token)
  File "D:\CareerPilot AI\backend\venv\lib\site-packages\firebase_admin\auth.py", line 227, in verify_id_token
    return client.verify_id_token(
  File "D:\CareerPilot AI\backend\venv\lib\site-packages\firebase_admin\_auth_client.py", line 130, in verify_id_token
    verified_claims = self._token_verifier.verify_id_token(id_token, clock_skew_seconds)
  File "D:\CareerPilot AI\backend\venv\lib\site-packages\firebase_admin\_token_gen.py", line 293, in verify_id_token
    return self.id_token_verifier.verify(id_token, self.request, clock_skew_seconds)
  File "D:\CareerPilot AI\backend\venv\lib\site-packages\firebase_admin\_token_gen.py", line 409, in verify
    raise self._invalid_token_error(str(error), cause=error)
firebase_admin._auth_utils.InvalidIdTokenError: Token used too early, 1784980993 < 1784980994. Check that your computer's clock is set correctly.

2026-07-25 17:33:13 [WARNING] app (main.py:38): AppException occurred: Invalid or expired authentication token (Status: 401, Code: UNAUTHORIZED)
2026-07-25 17:33:13 [INFO] uvicorn.access (httptools_impl.py:485): 127.0.0.1:65027 - "POST /api/v1/resumes/analyze HTTP/1.1" 401
2026-07-25 18:04:30 [INFO] uvicorn.error (server.py:270): Shutting down
2026-07-25 18:04:30 [INFO] uvicorn.error (on.py:67): Waiting for application shutdown.
2026-07-25 18:04:30 [INFO] uvicorn.error (on.py:76): Application shutdown complete.
2026-07-25 18:04:30 [INFO] uvicorn.error (server.py:101): Finished server process [10888]
2026-07-25 18:04:34 [INFO] app (logging.py:62): Centralized logging has been initialized. Logs will rotate in D:\CareerPilot AI\backend\logs\app.log
2026-07-25 18:04:34 [INFO] app (security.py:65): Firebase Admin initialized successfully using service account certificate.
2026-07-25 18:04:34 [INFO] uvicorn.error (server.py:91): Started server process [13232]
2026-07-25 18:04:34 [INFO] uvicorn.error (on.py:48): Waiting for application startup.
2026-07-25 18:04:34 [INFO] uvicorn.error (on.py:62): Application startup complete.
2026-07-25 18:04:39 [INFO] uvicorn.error (server.py:270): Shutting down
2026-07-25 18:04:39 [INFO] uvicorn.error (on.py:67): Waiting for application shutdown.
2026-07-25 18:04:39 [INFO] uvicorn.error (on.py:76): Application shutdown complete.
2026-07-25 18:04:39 [INFO] uvicorn.error (server.py:101): Finished server process [13232]
2026-07-25 18:04:41 [INFO] app (logging.py:62): Centralized logging has been initialized. Logs will rotate in D:\CareerPilot AI\backend\logs\app.log
2026-07-25 18:04:41 [INFO] app (security.py:65): Firebase Admin initialized successfully using service account certificate.
2026-07-25 18:04:41 [INFO] uvicorn.error (server.py:91): Started server process [14688]
2026-07-25 18:04:41 [INFO] uvicorn.error (on.py:48): Waiting for application startup.
2026-07-25 18:04:41 [INFO] uvicorn.error (on.py:62): Application startup complete.
2026-07-25 18:04:42 [INFO] uvicorn.error (server.py:270): Shutting down
2026-07-25 18:04:42 [INFO] uvicorn.error (on.py:67): Waiting for application shutdown.
2026-07-25 18:04:42 [INFO] uvicorn.error (on.py:76): Application shutdown complete.
2026-07-25 18:04:42 [INFO] uvicorn.error (server.py:101): Finished server process [14688]
2026-07-25 18:04:44 [INFO] app (logging.py:62): Centralized logging has been initialized. Logs will rotate in D:\CareerPilot AI\backend\logs\app.log
2026-07-25 18:04:44 [INFO] app (security.py:65): Firebase Admin initialized successfully using service account certificate.
2026-07-25 18:04:44 [INFO] uvicorn.error (server.py:91): Started server process [32372]
2026-07-25 18:04:44 [INFO] uvicorn.error (on.py:48): Waiting for application startup.
2026-07-25 18:04:44 [INFO] uvicorn.error (on.py:62): Application startup complete.
2026-07-25 18:05:09 [INFO] uvicorn.error (server.py:270): Shutting down
2026-07-25 18:05:09 [INFO] uvicorn.error (on.py:67): Waiting for application shutdown.
2026-07-25 18:05:09 [INFO] uvicorn.error (on.py:76): Application shutdown complete.
2026-07-25 18:05:09 [INFO] uvicorn.error (server.py:101): Finished server process [32372]
2026-07-25 18:05:10 [INFO] app (logging.py:62): Centralized logging has been initialized. Logs will rotate in D:\CareerPilot AI\backend\logs\app.log
2026-07-25 18:05:10 [INFO] app (security.py:65): Firebase Admin initialized successfully using service account certificate.
2026-07-25 18:05:10 [INFO] uvicorn.error (server.py:91): Started server process [13148]
2026-07-25 18:05:10 [INFO] uvicorn.error (on.py:48): Waiting for application startup.
2026-07-25 18:05:10 [INFO] uvicorn.error (on.py:62): Application startup complete.
2026-07-25 18:05:11 [INFO] uvicorn.error (server.py:270): Shutting down
2026-07-25 18:05:11 [INFO] uvicorn.error (on.py:67): Waiting for application shutdown.
2026-07-25 18:05:11 [INFO] uvicorn.error (on.py:76): Application shutdown complete.
2026-07-25 18:05:11 [INFO] uvicorn.error (server.py:101): Finished server process [13148]
2026-07-25 18:05:13 [INFO] app (logging.py:62): Centralized logging has been initialized. Logs will rotate in D:\CareerPilot AI\backend\logs\app.log
2026-07-25 18:05:13 [INFO] app (security.py:65): Firebase Admin initialized successfully using service account certificate.
2026-07-25 18:05:13 [INFO] uvicorn.error (server.py:91): Started server process [16484]
2026-07-25 18:05:13 [INFO] uvicorn.error (on.py:48): Waiting for application startup.
2026-07-25 18:05:13 [INFO] uvicorn.error (on.py:62): Application startup complete.
2026-07-25 18:05:14 [INFO] uvicorn.error (server.py:270): Shutting down
2026-07-25 18:05:14 [INFO] uvicorn.error (on.py:67): Waiting for application shutdown.
2026-07-25 18:05:14 [INFO] uvicorn.error (on.py:76): Application shutdown complete.
2026-07-25 18:05:14 [INFO] uvicorn.error (server.py:101): Finished server process [16484]
2026-07-25 18:05:16 [INFO] app (logging.py:62): Centralized logging has been initialized. Logs will rotate in D:\CareerPilot AI\backend\logs\app.log
2026-07-25 18:05:16 [INFO] app (security.py:65): Firebase Admin initialized successfully using service account certificate.
2026-07-25 18:05:16 [INFO] uvicorn.error (server.py:91): Started server process [16796]
2026-07-25 18:05:16 [INFO] uvicorn.error (on.py:48): Waiting for application startup.
2026-07-25 18:05:16 [INFO] uvicorn.error (on.py:62): Application startup complete.
2026-07-25 18:06:24 [ERROR] app (firebase_service.py:217): Failed to query resumes in Firestore: 404 The database (default) does not exist for project careerpilot-ai-ce198 Please visit https://console.cloud.google.com/datastore/setup?project=careerpilot-ai-ce198 to add a Cloud Datastore or Cloud Firestore database. . Falling back to local cache.
2026-07-25 18:06:25 [ERROR] app (firebase_service.py:560): Failed to query interviews in Firestore: 404 The database (default) does not exist for project careerpilot-ai-ce198 Please visit https://console.cloud.google.com/datastore/setup?project=careerpilot-ai-ce198 to add a Cloud Datastore or Cloud Firestore database. . Falling back to local cache.
2026-07-25 18:06:26 [ERROR] app (firebase_service.py:349): Failed to query DSA progress from Firestore: 404 The database (default) does not exist for project careerpilot-ai-ce198 Please visit https://console.cloud.google.com/datastore/setup?project=careerpilot-ai-ce198 to add a Cloud Datastore or Cloud Firestore database. 
2026-07-25 18:06:26 [INFO] uvicorn.access (httptools_impl.py:485): 127.0.0.1:57426 - "GET /api/v1/stats/overview HTTP/1.1" 200
2026-07-25 18:06:26 [ERROR] app (firebase_service.py:217): Failed to query resumes in Firestore: 404 The database (default) does not exist for project careerpilot-ai-ce198 Please visit https://console.cloud.google.com/datastore/setup?project=careerpilot-ai-ce198 to add a Cloud Datastore or Cloud Firestore database. . Falling back to local cache.
2026-07-25 18:06:26 [ERROR] app (firebase_service.py:560): Failed to query interviews in Firestore: 404 The database (default) does not exist for project careerpilot-ai-ce198 Please visit https://console.cloud.google.com/datastore/setup?project=careerpilot-ai-ce198 to add a Cloud Datastore or Cloud Firestore database. . Falling back to local cache.
2026-07-25 18:06:27 [ERROR] app (firebase_service.py:349): Failed to query DSA progress from Firestore: 404 The database (default) does not exist for project careerpilot-ai-ce198 Please visit https://console.cloud.google.com/datastore/setup?project=careerpilot-ai-ce198 to add a Cloud Datastore or Cloud Firestore database. 
2026-07-25 18:06:27 [INFO] uvicorn.access (httptools_impl.py:485): 127.0.0.1:56548 - "GET /api/v1/stats/overview HTTP/1.1" 200
2026-07-25 18:06:28 [ERROR] app (firebase_service.py:349): Failed to query DSA progress from Firestore: 404 The database (default) does not exist for project careerpilot-ai-ce198 Please visit https://console.cloud.google.com/datastore/setup?project=careerpilot-ai-ce198 to add a Cloud Datastore or Cloud Firestore database. 
2026-07-25 18:06:28 [INFO] uvicorn.access (httptools_impl.py:485): 127.0.0.1:50062 - "GET /api/v1/dsa/topics HTTP/1.1" 200
2026-07-25 18:06:28 [ERROR] app (firebase_service.py:349): Failed to query DSA progress from Firestore: 404 The database (default) does not exist for project careerpilot-ai-ce198 Please visit https://console.cloud.google.com/datastore/setup?project=careerpilot-ai-ce198 to add a Cloud Datastore or Cloud Firestore database. 
2026-07-25 18:06:28 [INFO] uvicorn.access (httptools_impl.py:485): 127.0.0.1:56909 - "GET /api/v1/dsa/topics HTTP/1.1" 200
2026-07-25 18:06:28 [ERROR] app (firebase_service.py:509): Failed to query company preps from Firestore: 404 The database (default) does not exist for project careerpilot-ai-ce198 Please visit https://console.cloud.google.com/datastore/setup?project=careerpilot-ai-ce198 to add a Cloud Datastore or Cloud Firestore database. 
2026-07-25 18:06:28 [INFO] uvicorn.access (httptools_impl.py:485): 127.0.0.1:53490 - "GET /api/v1/company/prep HTTP/1.1" 200
2026-07-25 18:06:29 [ERROR] app (firebase_service.py:509): Failed to query company preps from Firestore: 404 The database (default) does not exist for project careerpilot-ai-ce198 Please visit https://console.cloud.google.com/datastore/setup?project=careerpilot-ai-ce198 to add a Cloud Datastore or Cloud Firestore database. 
2026-07-25 18:06:29 [INFO] uvicorn.access (httptools_impl.py:485): 127.0.0.1:52185 - "GET /api/v1/company/prep HTTP/1.1" 200
2026-07-25 18:06:29 [ERROR] app (firebase_service.py:217): Failed to query resumes in Firestore: 404 The database (default) does not exist for project careerpilot-ai-ce198 Please visit https://console.cloud.google.com/datastore/setup?project=careerpilot-ai-ce198 to add a Cloud Datastore or Cloud Firestore database. . Falling back to local cache.
2026-07-25 18:06:29 [INFO] uvicorn.access (httptools_impl.py:485): 127.0.0.1:49695 - "GET /api/v1/resumes/history HTTP/1.1" 200
2026-07-25 18:06:29 [ERROR] app (firebase_service.py:217): Failed to query resumes in Firestore: 404 The database (default) does not exist for project careerpilot-ai-ce198 Please visit https://console.cloud.google.com/datastore/setup?project=careerpilot-ai-ce198 to add a Cloud Datastore or Cloud Firestore database. . Falling back to local cache.
2026-07-25 18:06:29 [INFO] uvicorn.access (httptools_impl.py:485): 127.0.0.1:63412 - "GET /api/v1/resumes/history HTTP/1.1" 200
2026-07-25 18:06:29 [ERROR] app (firebase_service.py:413): Failed to query roadmap from Firestore: 404 The database (default) does not exist for project careerpilot-ai-ce198 Please visit https://console.cloud.google.com/datastore/setup?project=careerpilot-ai-ce198 to add a Cloud Datastore or Cloud Firestore database. 
2026-07-25 18:06:29 [INFO] uvicorn.access (httptools_impl.py:485): 127.0.0.1:64170 - "GET /api/v1/roadmap/active HTTP/1.1" 200
2026-07-25 18:06:29 [ERROR] app (security.py:105): === FIREBASE ID TOKEN VERIFICATION FAILED ===
2026-07-25 18:06:29 [ERROR] app (security.py:106): Error: Token used too early, 1784982989 < 1784982990. Check that your computer's clock is set correctly.
2026-07-25 18:06:29 [ERROR] app (security.py:107): Stack trace:
Traceback (most recent call last):
  File "D:\CareerPilot AI\backend\venv\lib\site-packages\firebase_admin\_token_gen.py", line 396, in verify
    verified_claims = google.oauth2.id_token.verify_token(
  File "D:\CareerPilot AI\backend\venv\lib\site-packages\google\oauth2\id_token.py", line 153, in verify_token
    return jwt.decode(
  File "D:\CareerPilot AI\backend\venv\lib\site-packages\google\auth\jwt.py", line 303, in decode
    _verify_iat_and_exp(payload, clock_skew_in_seconds)
  File "D:\CareerPilot AI\backend\venv\lib\site-packages\google\auth\jwt.py", line 217, in _verify_iat_and_exp
    raise exceptions.InvalidValue(
google.auth.exceptions.InvalidValue: Token used too early, 1784982989 < 1784982990. Check that your computer's clock is set correctly.

During handling of the above exception, another exception occurred:

Traceback (most recent call last):
  File "D:\CareerPilot AI\backend\app\core\security.py", line 93, in verify_firebase_token
    decoded_token = auth.verify_id_token(token)
  File "D:\CareerPilot AI\backend\venv\lib\site-packages\firebase_admin\auth.py", line 227, in verify_id_token
    return client.verify_id_token(
  File "D:\CareerPilot AI\backend\venv\lib\site-packages\firebase_admin\_auth_client.py", line 130, in verify_id_token
    verified_claims = self._token_verifier.verify_id_token(id_token, clock_skew_seconds)
  File "D:\CareerPilot AI\backend\venv\lib\site-packages\firebase_admin\_token_gen.py", line 293, in verify_id_token
    return self.id_token_verifier.verify(id_token, self.request, clock_skew_seconds)
  File "D:\CareerPilot AI\backend\venv\lib\site-packages\firebase_admin\_token_gen.py", line 409, in verify
    raise self._invalid_token_error(str(error), cause=error)
firebase_admin._auth_utils.InvalidIdTokenError: Token used too early, 1784982989 < 1784982990. Check that your computer's clock is set correctly.

2026-07-25 18:06:29 [WARNING] app (main.py:38): AppException occurred: Invalid or expired authentication token (Status: 401, Code: UNAUTHORIZED)
2026-07-25 18:06:29 [INFO] uvicorn.access (httptools_impl.py:485): 127.0.0.1:63411 - "GET /api/v1/roadmap/active HTTP/1.1" 401
2026-07-25 18:06:30 [ERROR] app (firebase_service.py:560): Failed to query interviews in Firestore: 404 The database (default) does not exist for project careerpilot-ai-ce198 Please visit https://console.cloud.google.com/datastore/setup?project=careerpilot-ai-ce198 to add a Cloud Datastore or Cloud Firestore database. . Falling back to local cache.
2026-07-25 18:06:30 [INFO] uvicorn.access (httptools_impl.py:485): 127.0.0.1:57179 - "GET /api/v1/interviews/history HTTP/1.1" 200
2026-07-25 18:06:30 [ERROR] app (firebase_service.py:560): Failed to query interviews in Firestore: 404 The database (default) does not exist for project careerpilot-ai-ce198 Please visit https://console.cloud.google.com/datastore/setup?project=careerpilot-ai-ce198 to add a Cloud Datastore or Cloud Firestore database. . Falling back to local cache.
2026-07-25 18:06:30 [INFO] uvicorn.access (httptools_impl.py:485): 127.0.0.1:63411 - "GET /api/v1/interviews/history HTTP/1.1" 200
2026-07-25 18:07:43 [ERROR] app (firebase_service.py:217): Failed to query resumes in Firestore: 404 The database (default) does not exist for project careerpilot-ai-ce198 Please visit https://console.cloud.google.com/datastore/setup?project=careerpilot-ai-ce198 to add a Cloud Datastore or Cloud Firestore database. . Falling back to local cache.
2026-07-25 18:07:44 [ERROR] app (firebase_service.py:560): Failed to query interviews in Firestore: 404 The database (default) does not exist for project careerpilot-ai-ce198 Please visit https://console.cloud.google.com/datastore/setup?project=careerpilot-ai-ce198 to add a Cloud Datastore or Cloud Firestore database. . Falling back to local cache.
2026-07-25 18:07:45 [ERROR] app (firebase_service.py:349): Failed to query DSA progress from Firestore: 404 The database (default) does not exist for project careerpilot-ai-ce198 Please visit https://console.cloud.google.com/datastore/setup?project=careerpilot-ai-ce198 to add a Cloud Datastore or Cloud Firestore database. 
2026-07-25 18:07:45 [INFO] uvicorn.access (httptools_impl.py:485): 127.0.0.1:52598 - "GET /api/v1/stats/overview HTTP/1.1" 200
2026-07-25 18:07:45 [ERROR] app (firebase_service.py:217): Failed to query resumes in Firestore: 404 The database (default) does not exist for project careerpilot-ai-ce198 Please visit https://console.cloud.google.com/datastore/setup?project=careerpilot-ai-ce198 to add a Cloud Datastore or Cloud Firestore database. . Falling back to local cache.
2026-07-25 18:07:45 [ERROR] app (firebase_service.py:560): Failed to query interviews in Firestore: 404 The database (default) does not exist for project careerpilot-ai-ce198 Please visit https://console.cloud.google.com/datastore/setup?project=careerpilot-ai-ce198 to add a Cloud Datastore or Cloud Firestore database. . Falling back to local cache.
2026-07-25 18:07:45 [ERROR] app (firebase_service.py:349): Failed to query DSA progress from Firestore: 404 The database (default) does not exist for project careerpilot-ai-ce198 Please visit https://console.cloud.google.com/datastore/setup?project=careerpilot-ai-ce198 to add a Cloud Datastore or Cloud Firestore database. 
2026-07-25 18:07:45 [INFO] uvicorn.access (httptools_impl.py:485): 127.0.0.1:58766 - "GET /api/v1/stats/overview HTTP/1.1" 200
2026-07-25 18:07:45 [ERROR] app (security.py:105): === FIREBASE ID TOKEN VERIFICATION FAILED ===
2026-07-25 18:07:45 [ERROR] app (security.py:106): Error: Token used too early, 1784983065 < 1784983066. Check that your computer's clock is set correctly.
2026-07-25 18:07:45 [ERROR] app (security.py:107): Stack trace:
Traceback (most recent call last):
  File "D:\CareerPilot AI\backend\venv\lib\site-packages\firebase_admin\_token_gen.py", line 396, in verify
    verified_claims = google.oauth2.id_token.verify_token(
  File "D:\CareerPilot AI\backend\venv\lib\site-packages\google\oauth2\id_token.py", line 153, in verify_token
    return jwt.decode(
  File "D:\CareerPilot AI\backend\venv\lib\site-packages\google\auth\jwt.py", line 303, in decode
    _verify_iat_and_exp(payload, clock_skew_in_seconds)
  File "D:\CareerPilot AI\backend\venv\lib\site-packages\google\auth\jwt.py", line 217, in _verify_iat_and_exp
    raise exceptions.InvalidValue(
google.auth.exceptions.InvalidValue: Token used too early, 1784983065 < 1784983066. Check that your computer's clock is set correctly.

During handling of the above exception, another exception occurred:

Traceback (most recent call last):
  File "D:\CareerPilot AI\backend\app\core\security.py", line 93, in verify_firebase_token
    decoded_token = auth.verify_id_token(token)
  File "D:\CareerPilot AI\backend\venv\lib\site-packages\firebase_admin\auth.py", line 227, in verify_id_token
    return client.verify_id_token(
  File "D:\CareerPilot AI\backend\venv\lib\site-packages\firebase_admin\_auth_client.py", line 130, in verify_id_token
    verified_claims = self._token_verifier.verify_id_token(id_token, clock_skew_seconds)
  File "D:\CareerPilot AI\backend\venv\lib\site-packages\firebase_admin\_token_gen.py", line 293, in verify_id_token
    return self.id_token_verifier.verify(id_token, self.request, clock_skew_seconds)
  File "D:\CareerPilot AI\backend\venv\lib\site-packages\firebase_admin\_token_gen.py", line 409, in verify
    raise self._invalid_token_error(str(error), cause=error)
firebase_admin._auth_utils.InvalidIdTokenError: Token used too early, 1784983065 < 1784983066. Check that your computer's clock is set correctly.

2026-07-25 18:07:45 [WARNING] app (main.py:38): AppException occurred: Invalid or expired authentication token (Status: 401, Code: UNAUTHORIZED)
2026-07-25 18:07:45 [INFO] uvicorn.access (httptools_impl.py:485): 127.0.0.1:64701 - "GET /api/v1/dsa/topics HTTP/1.1" 401
2026-07-25 18:07:46 [ERROR] app (firebase_service.py:349): Failed to query DSA progress from Firestore: 404 The database (default) does not exist for project careerpilot-ai-ce198 Please visit https://console.cloud.google.com/datastore/setup?project=careerpilot-ai-ce198 to add a Cloud Datastore or Cloud Firestore database. 
2026-07-25 18:07:46 [INFO] uvicorn.access (httptools_impl.py:485): 127.0.0.1:64104 - "GET /api/v1/dsa/topics HTTP/1.1" 200
2026-07-25 18:07:46 [ERROR] app (security.py:105): === FIREBASE ID TOKEN VERIFICATION FAILED ===
2026-07-25 18:07:46 [ERROR] app (security.py:106): Error: Token used too early, 1784983066 < 1784983067. Check that your computer's clock is set correctly.
2026-07-25 18:07:46 [ERROR] app (security.py:107): Stack trace:
Traceback (most recent call last):
  File "D:\CareerPilot AI\backend\venv\lib\site-packages\firebase_admin\_token_gen.py", line 396, in verify
    verified_claims = google.oauth2.id_token.verify_token(
  File "D:\CareerPilot AI\backend\venv\lib\site-packages\google\oauth2\id_token.py", line 153, in verify_token
    return jwt.decode(
  File "D:\CareerPilot AI\backend\venv\lib\site-packages\google\auth\jwt.py", line 303, in decode
    _verify_iat_and_exp(payload, clock_skew_in_seconds)
  File "D:\CareerPilot AI\backend\venv\lib\site-packages\google\auth\jwt.py", line 217, in _verify_iat_and_exp
    raise exceptions.InvalidValue(
google.auth.exceptions.InvalidValue: Token used too early, 1784983066 < 1784983067. Check that your computer's clock is set correctly.

During handling of the above exception, another exception occurred:

Traceback (most recent call last):
  File "D:\CareerPilot AI\backend\app\core\security.py", line 93, in verify_firebase_token
    decoded_token = auth.verify_id_token(token)
  File "D:\CareerPilot AI\backend\venv\lib\site-packages\firebase_admin\auth.py", line 227, in verify_id_token
    return client.verify_id_token(
  File "D:\CareerPilot AI\backend\venv\lib\site-packages\firebase_admin\_auth_client.py", line 130, in verify_id_token
    verified_claims = self._token_verifier.verify_id_token(id_token, clock_skew_seconds)
  File "D:\CareerPilot AI\backend\venv\lib\site-packages\firebase_admin\_token_gen.py", line 293, in verify_id_token
    return self.id_token_verifier.verify(id_token, self.request, clock_skew_seconds)
  File "D:\CareerPilot AI\backend\venv\lib\site-packages\firebase_admin\_token_gen.py", line 409, in verify
    raise self._invalid_token_error(str(error), cause=error)
firebase_admin._auth_utils.InvalidIdTokenError: Token used too early, 1784983066 < 1784983067. Check that your computer's clock is set correctly.

2026-07-25 18:07:46 [WARNING] app (main.py:38): AppException occurred: Invalid or expired authentication token (Status: 401, Code: UNAUTHORIZED)
2026-07-25 18:07:46 [INFO] uvicorn.access (httptools_impl.py:485): 127.0.0.1:63409 - "GET /api/v1/company/prep HTTP/1.1" 401
2026-07-25 18:09:09 [INFO] uvicorn.access (httptools_impl.py:485): 127.0.0.1:63471 - "POST /api/v1/resumes/analyze HTTP/1.1" 200
2026-07-25 18:09:54 [INFO] uvicorn.access (httptools_impl.py:485): 127.0.0.1:63411 - "POST /api/v1/resumes/analyze HTTP/1.1" 200
2026-07-25 19:37:25 [WARNING] app (main.py:38): AppException occurred: Bearer token is missing from the Authorization header (Status: 401, Code: CREDENTIALS_MISSING)
2026-07-25 19:37:25 [INFO] uvicorn.access (httptools_impl.py:485): 127.0.0.1:54847 - "GET /api/v1/stats/overview HTTP/1.1" 401
2026-07-25 19:37:25 [WARNING] app (main.py:38): AppException occurred: Bearer token is missing from the Authorization header (Status: 401, Code: CREDENTIALS_MISSING)
2026-07-25 19:37:25 [INFO] uvicorn.access (httptools_impl.py:485): 127.0.0.1:54959 - "GET /api/v1/stats/overview HTTP/1.1" 401
